year,crop,crop_hu,group,category,category_hu,unit,value,source_file,sheet,column_header,raw_label
2020,barley,Árpa,cereals,closing_stock,Zárókészlet,t,312843.0,Cereal_Supply_Balance.xlsx,19.1.1.21.,Barley 2020,Closing stock
2020,barley,Árpa,cereals,exports,Export,t,884984.0,Cereal_Supply_Balance.xlsx,19.1.1.21.,Barley 2020,Exports
2020,barley,Árpa,cereals,feed_use,Takarmányozás,t,44344.0,Cereal_Supply_Balance.xlsx,19.1.1.21.,Barley 2020,fodder | – | – | – | – | –
2020,barley,Árpa,cereals,feed_use,Takarmányozás,t,576822.0,Cereal_Supply_Balance.xlsx,19.1.1.21.,Barley 2020,Feed consumption
2020,barley,Árpa,cereals,food_use,Élelmezési felhasználás,t,48697.0,Cereal_Supply_Balance.xlsx,19.1.1.21.,Barley 2020,for human consumption and for industrial purposes | – | – | – | – | –
2020,barley,Árpa,cereals,food_use,Élelmezési felhasználás,t,24212.0,Cereal_Supply_Balance.xlsx,19.1.1.21.,Barley 2020,domestic food consumption
2020,barley,Árpa,cereals,harvested_area,Betakarított terület,ha,261375.0,Cereal_Supply_Balance.xlsx,19.1.1.21.,Barley 2020,"Harvested area, hectare"
2020,barley,Árpa,cereals,imports,Import,t,52599.0,Cereal_Supply_Balance.xlsx,19.1.1.21.,Barley 2020,Imports
2020,barley,Árpa,cereals,industrial_use,Ipari felhasználás,t,115817.0,Cereal_Supply_Balance.xlsx,19.1.1.21.,Barley 2020,Industrial processing
2020,barley,Árpa,cereals,loss,Veszteség,t,5902.0,Cereal_Supply_Balance.xlsx,19.1.1.21.,Barley 2020,Loss
2020,barley,Árpa,cereals,opening_stock,Nyitókészlet,t,427118.0,Cereal_Supply_Balance.xlsx,19.1.1.21.,Barley 2020,Initial stock
2020,barley,Árpa,cereals,procurement_price,Felvásárlási ár,huf_t,44544.0,Cereal_Supply_Balance.xlsx,19.1.1.21.,Barley 2020,"Average procurement price, HUF per tonne | – | – | – | – | –"
2020,barley,Árpa,cereals,production,Termelés,t,1483954.0,Cereal_Supply_Balance.xlsx,19.1.1.21.,Barley 2020,"Total harvested production, tonne"
2020,barley,Árpa,cereals,production,Termelés,t,1483954.0,Cereal_Supply_Balance.xlsx,19.1.1.21.,Barley 2020,Total harvested production
2020,barley,Árpa,cereals,seed_use,Vetőmag-felhasználás,t,72088.0,Cereal_Supply_Balance.xlsx,19.1.1.21.,Barley 2020,seed for sowing | – | – | – | – | –
2020,barley,Árpa,cereals,seed_use,Vetőmag-felhasználás,t,67303.0,Cereal_Supply_Balance.xlsx,19.1.1.21.,Barley 2020,Seed consumption for sowing
2020,barley,Árpa,cereals,total_resource,Összes forrás,t,1963671.0,Cereal_Supply_Balance.xlsx,19.1.1.21.,Barley 2020,Total resource
2020,barley,Árpa,cereals,total_use,Összes felhasználás,t,1963671.0,Cereal_Supply_Balance.xlsx,19.1.1.21.,Barley 2020,Total use
2020,barley,Árpa,cereals,yield,Termésátlag,ha,5680.0,Cereal_Supply_Balance.xlsx,19.1.1.21.,Barley 2020,"Average yield, kilogram/hectare"
2020,cereals_total,Gabonafélék összesen,cereals,closing_stock,Zárókészlet,t,11917904.0,Cereal_Supply_Balance.xlsx,19.1.1.21.,"Cereals, total 2020",Closing stock
2020,cereals_total,Gabonafélék összesen,cereals,exports,Export,t,8352459.0,Cereal_Supply_Balance.xlsx,19.1.1.21.,"Cereals, total 2020",Exports
2020,cereals_total,Gabonafélék összesen,cereals,feed_use,Takarmányozás,t,4726376.0,Cereal_Supply_Balance.xlsx,19.1.1.21.,"Cereals, total 2020",Feed consumption
2020,cereals_total,Gabonafélék összesen,cereals,food_use,Élelmezési felhasználás,t,1844888.0,Cereal_Supply_Balance.xlsx,19.1.1.21.,"Cereals, total 2020",domestic food consumption
2020,cereals_total,Gabonafélék összesen,cereals,harvested_area,Betakarított terület,ha,2337648.0,Cereal_Supply_Balance.xlsx,19.1.1.21.,"Cereals, total 2020","Harvested area, hectare"
2020,cereals_total,Gabonafélék összesen,cereals,imports,Import,t,484152.0,Cereal_Supply_Balance.xlsx,19.1.1.21.,"Cereals, total 2020",Imports
2020,cereals_total,Gabonafélék összesen,cereals,industrial_use,Ipari felhasználás,t,4037549.0,Cereal_Supply_Balance.xlsx,19.1.1.21.,"Cereals, total 2020",Industrial processing
2020,cereals_total,Gabonafélék összesen,cereals,loss,Veszteség,t,101212.0,Cereal_Supply_Balance.xlsx,19.1.1.21.,"Cereals, total 2020",Loss
2020,cereals_total,Gabonafélék összesen,cereals,opening_stock,Nyitókészlet,t,13387267.0,Cereal_Supply_Balance.xlsx,19.1.1.21.,"Cereals, total 2020",Initial stock
2020,cereals_total,Gabonafélék összesen,cereals,other_use,Egyéb felhasználás,t,1096.0,Cereal_Supply_Balance.xlsx,19.1.1.21.,"Cereals, total 2020",Other consumption
2020,cereals_total,Gabonafélék összesen,cereals,production,Termelés,t,15615549.0,Cereal_Supply_Balance.xlsx,19.1.1.21.,"Cereals, total 2020","Total harvested production, tonne"
2020,cereals_total,Gabonafélék összesen,cereals,production,Termelés,t,15615549.0,Cereal_Supply_Balance.xlsx,19.1.1.21.,"Cereals, total 2020",Total harvested production
2020,cereals_total,Gabonafélék összesen,cereals,seed_use,Vetőmag-felhasználás,t,350372.0,Cereal_Supply_Balance.xlsx,19.1.1.21.,"Cereals, total 2020",Seed consumption for sowing
2020,cereals_total,Gabonafélék összesen,cereals,total_resource,Összes forrás,t,29486968.0,Cereal_Supply_Balance.xlsx,19.1.1.21.,"Cereals, total 2020",Total resource
2020,cereals_total,Gabonafélék összesen,cereals,total_use,Összes felhasználás,t,29486968.0,Cereal_Supply_Balance.xlsx,19.1.1.21.,"Cereals, total 2020",Total use
2020,cereals_total,Gabonafélék összesen,cereals,yield,Termésátlag,ha,6680.0,Cereal_Supply_Balance.xlsx,19.1.1.21.,"Cereals, total 2020","Average yield, kilogram/hectare"
2020,maize,Kukorica,cereals,closing_stock,Zárókészlet,t,7699437.0,Cereal_Supply_Balance.xlsx,19.1.1.21.,Maize 2020,Closing stock
2020,maize,Kukorica,cereals,exports,Export,t,4241082.0,Cereal_Supply_Balance.xlsx,19.1.1.21.,Maize 2020,Exports
2020,maize,Kukorica,cereals,feed_use,Takarmányozás,t,49706.0,Cereal_Supply_Balance.xlsx,19.1.1.21.,Maize 2020,fodder | – | – | – | – | –
2020,maize,Kukorica,cereals,feed_use,Takarmányozás,t,2536864.0,Cereal_Supply_Balance.xlsx,19.1.1.21.,Maize 2020,Feed consumption
2020,maize,Kukorica,cereals,food_use,Élelmezési felhasználás,t,47055.0,Cereal_Supply_Balance.xlsx,19.1.1.21.,Maize 2020,for human consumption and for industrial purposes | – | – | – | – | –
2020,maize,Kukorica,cereals,food_use,Élelmezési felhasználás,t,442531.0,Cereal_Supply_Balance.xlsx,19.1.1.21.,Maize 2020,domestic food consumption
2020,maize,Kukorica,cereals,harvested_area,Betakarított terület,ha,981006.0,Cereal_Supply_Balance.xlsx,19.1.1.21.,Maize 2020,"Harvested area, hectare"
2020,maize,Kukorica,cereals,imports,Import,t,168267.0,Cereal_Supply_Balance.xlsx,19.1.1.21.,Maize 2020,Imports
2020,maize,Kukorica,cereals,industrial_use,Ipari felhasználás,t,2539962.0,Cereal_Supply_Balance.xlsx,19.1.1.21.,Maize 2020,Industrial processing
2020,maize,Kukorica,cereals,loss,Veszteség,t,72077.0,Cereal_Supply_Balance.xlsx,19.1.1.21.,Maize 2020,Loss
2020,maize,Kukorica,cereals,opening_stock,Nyitókészlet,t,8536360.0,Cereal_Supply_Balance.xlsx,19.1.1.21.,Maize 2020,Initial stock
2020,maize,Kukorica,cereals,procurement_price,Felvásárlási ár,huf_t,49808.0,Cereal_Supply_Balance.xlsx,19.1.1.21.,Maize 2020,"Average procurement price, HUF per tonne | – | – | – | – | –"
2020,maize,Kukorica,cereals,production,Termelés,t,8414350.0,Cereal_Supply_Balance.xlsx,19.1.1.21.,Maize 2020,"Total harvested production, tonne"
2020,maize,Kukorica,cereals,production,Termelés,t,8414350.0,Cereal_Supply_Balance.xlsx,19.1.1.21.,Maize 2020,Total harvested production
2020,maize,Kukorica,cereals,seed_use,Vetőmag-felhasználás,t,232118.0,Cereal_Supply_Balance.xlsx,19.1.1.21.,Maize 2020,seed for sowing | – | – | – | – | –
2020,maize,Kukorica,cereals,seed_use,Vetőmag-felhasználás,t,29555.0,Cereal_Supply_Balance.xlsx,19.1.1.21.,Maize 2020,Seed consumption for sowing
2020,maize,Kukorica,cereals,total_resource,Összes forrás,t,17118977.0,Cereal_Supply_Balance.xlsx,19.1.1.21.,Maize 2020,Total resource
2020,maize,Kukorica,cereals,total_use,Összes felhasználás,t,17118977.0,Cereal_Supply_Balance.xlsx,19.1.1.21.,Maize 2020,Total use
2020,maize,Kukorica,cereals,yield,Termésátlag,ha,8580.0,Cereal_Supply_Balance.xlsx,19.1.1.21.,Maize 2020,"Average yield, kilogram/hectare"
2020,oats,Zab,cereals,closing_stock,Zárókészlet,t,40945.0,Cereal_Supply_Balance.xlsx,19.1.1.21.,Oats 2020,Closing stock
2020,oats,Zab,cereals,exports,Export,t,10359.0,Cereal_Supply_Balance.xlsx,19.1.1.21.,Oats 2020,Exports
2020,oats,Zab,cereals,feed_use,Takarmányozás,t,49040.0,Cereal_Supply_Balance.xlsx,19.1.1.21.,Oats 2020,fodder | – | – | – | – | –
2020,oats,Zab,cereals,feed_use,Takarmányozás,t,60142.0,Cereal_Supply_Balance.xlsx,19.1.1.21.,Oats 2020,Feed consumption
2020,oats,Zab,cereals,food_use,Élelmezési felhasználás,t,50421.0,Cereal_Supply_Balance.xlsx,19.1.1.21.,Oats 2020,for human consumption and for industrial purposes | – | – | – | – | –
2020,oats,Zab,cereals,food_use,Élelmezési felhasználás,t,1371.0,Cereal_Supply_Balance.xlsx,19.1.1.21.,Oats 2020,domestic food consumption
2020,oats,Zab,cereals,harvested_area,Betakarított terület,ha,25764.0,Cereal_Supply_Balance.xlsx,19.1.1.21.,Oats 2020,"Harvested area, hectare"
2020,oats,Zab,cereals,imports,Import,t,3412.0,Cereal_Supply_Balance.xlsx,19.1.1.21.,Oats 2020,Imports
2020,oats,Zab,cereals,industrial_use,Ipari felhasználás,t,4871.0,Cereal_Supply_Balance.xlsx,19.1.1.21.,Oats 2020,Industrial processing
2020,oats,Zab,cereals,loss,Veszteség,t,561.0,Cereal_Supply_Balance.xlsx,19.1.1.21.,Oats 2020,Loss
2020,oats,Zab,cereals,opening_stock,Nyitókészlet,t,41683.0,Cereal_Supply_Balance.xlsx,19.1.1.21.,Oats 2020,Initial stock
2020,oats,Zab,cereals,procurement_price,Felvásárlási ár,huf_t,49487.0,Cereal_Supply_Balance.xlsx,19.1.1.21.,Oats 2020,"Average procurement price, HUF per tonne | – | – | – | – | –"
2020,oats,Zab,cereals,production,Termelés,t,76968.0,Cereal_Supply_Balance.xlsx,19.1.1.21.,Oats 2020,"Total harvested production, tonne"
2020,oats,Zab,cereals,production,Termelés,t,76968.0,Cereal_Supply_Balance.xlsx,19.1.1.21.,Oats 2020,Total harvested production
2020,oats,Zab,cereals,seed_use,Vetőmag-felhasználás,t,80458.0,Cereal_Supply_Balance.xlsx,19.1.1.21.,Oats 2020,seed for sowing | – | – | – | – | –
2020,oats,Zab,cereals,seed_use,Vetőmag-felhasználás,t,5185.0,Cereal_Supply_Balance.xlsx,19.1.1.21.,Oats 2020,Seed consumption for sowing
2020,oats,Zab,cereals,total_resource,Összes forrás,t,122063.0,Cereal_Supply_Balance.xlsx,19.1.1.21.,Oats 2020,Total resource
2020,oats,Zab,cereals,total_use,Összes felhasználás,t,122063.0,Cereal_Supply_Balance.xlsx,19.1.1.21.,Oats 2020,Total use
2020,oats,Zab,cereals,yield,Termésátlag,ha,2990.0,Cereal_Supply_Balance.xlsx,19.1.1.21.,Oats 2020,"Average yield, kilogram/hectare"
2020,rice,Rizs,cereals,closing_stock,Zárókészlet,t,6654.0,Cereal_Supply_Balance.xlsx,19.1.1.21.,Rice 2020,Closing stock
2020,rice,Rizs,cereals,exports,Export,t,6568.0,Cereal_Supply_Balance.xlsx,19.1.1.21.,Rice 2020,Exports
2020,rice,Rizs,cereals,food_use,Élelmezési felhasználás,t,59243.0,Cereal_Supply_Balance.xlsx,19.1.1.21.,Rice 2020,domestic food consumption
2020,rice,Rizs,cereals,harvested_area,Betakarított terület,ha,2987.0,Cereal_Supply_Balance.xlsx,19.1.1.21.,Rice 2020,"Harvested area, hectare"
2020,rice,Rizs,cereals,imports,Import,t,55230.0,Cereal_Supply_Balance.xlsx,19.1.1.21.,Rice 2020,Imports
2020,rice,Rizs,cereals,industrial_use,Ipari felhasználás,t,59243.0,Cereal_Supply_Balance.xlsx,19.1.1.21.,Rice 2020,Industrial processing
2020,rice,Rizs,cereals,loss,Veszteség,t,219.0,Cereal_Supply_Balance.xlsx,19.1.1.21.,Rice 2020,Loss
2020,rice,Rizs,cereals,opening_stock,Nyitókészlet,t,6219.0,Cereal_Supply_Balance.xlsx,19.1.1.21.,Rice 2020,Initial stock
2020,rice,Rizs,cereals,production,Termelés,t,11743.0,Cereal_Supply_Balance.xlsx,19.1.1.21.,Rice 2020,"Total harvested production, tonne"
2020,rice,Rizs,cereals,production,Termelés,t,11743.0,Cereal_Supply_Balance.xlsx,19.1.1.21.,Rice 2020,Total harvested production
2020,rice,Rizs,cereals,seed_use,Vetőmag-felhasználás,t,508.0,Cereal_Supply_Balance.xlsx,19.1.1.21.,Rice 2020,Seed consumption for sowing
2020,rice,Rizs,cereals,total_resource,Összes forrás,t,73192.0,Cereal_Supply_Balance.xlsx,19.1.1.21.,Rice 2020,Total resource
2020,rice,Rizs,cereals,total_use,Összes felhasználás,t,73192.0,Cereal_Supply_Balance.xlsx,19.1.1.21.,Rice 2020,Total use
2020,rice,Rizs,cereals,yield,Termésátlag,ha,3930.0,Cereal_Supply_Balance.xlsx,19.1.1.21.,Rice 2020,"Average yield, kilogram/hectare"
2020,rye,Rozs,cereals,closing_stock,Zárókészlet,t,54842.0,Cereal_Supply_Balance.xlsx,19.1.1.21.,Rye 2020,Closing stock
2020,rye,Rozs,cereals,exports,Export,t,8028.0,Cereal_Supply_Balance.xlsx,19.1.1.21.,Rye 2020,Exports
2020,rye,Rozs,cereals,feed_use,Takarmányozás,t,40970.0,Cereal_Supply_Balance.xlsx,19.1.1.21.,Rye 2020,fodder | – | – | – | – | –
2020,rye,Rozs,cereals,feed_use,Takarmányozás,t,63809.0,Cereal_Supply_Balance.xlsx,19.1.1.21.,Rye 2020,Feed consumption
2020,rye,Rozs,cereals,food_use,Élelmezési felhasználás,t,44788.0,Cereal_Supply_Balance.xlsx,19.1.1.21.,Rye 2020,for human consumption and for industrial purposes | – | – | – | – | –
2020,rye,Rozs,cereals,food_use,Élelmezési felhasználás,t,13514.0,Cereal_Supply_Balance.xlsx,19.1.1.21.,Rye 2020,domestic food consumption
2020,rye,Rozs,cereals,harvested_area,Betakarított terület,ha,26323.0,Cereal_Supply_Balance.xlsx,19.1.1.21.,Rye 2020,"Harvested area, hectare"
2020,rye,Rozs,cereals,imports,Import,t,6932.0,Cereal_Supply_Balance.xlsx,19.1.1.21.,Rye 2020,Imports
2020,rye,Rozs,cereals,industrial_use,Ipari felhasználás,t,13514.0,Cereal_Supply_Balance.xlsx,19.1.1.21.,Rye 2020,Industrial processing
2020,rye,Rozs,cereals,loss,Veszteség,t,421.0,Cereal_Supply_Balance.xlsx,19.1.1.21.,Rye 2020,Loss
2020,rye,Rozs,cereals,opening_stock,Nyitókészlet,t,55719.0,Cereal_Supply_Balance.xlsx,19.1.1.21.,Rye 2020,Initial stock
2020,rye,Rozs,cereals,procurement_price,Felvásárlási ár,huf_t,43738.0,Cereal_Supply_Balance.xlsx,19.1.1.21.,Rye 2020,"Average procurement price, HUF per tonne | – | – | – | – | –"
2020,rye,Rozs,cereals,production,Termelés,t,84346.0,Cereal_Supply_Balance.xlsx,19.1.1.21.,Rye 2020,"Total harvested production, tonne"
2020,rye,Rozs,cereals,production,Termelés,t,84346.0,Cereal_Supply_Balance.xlsx,19.1.1.21.,Rye 2020,Total harvested production
2020,rye,Rozs,cereals,seed_use,Vetőmag-felhasználás,t,234286.0,Cereal_Supply_Balance.xlsx,19.1.1.21.,Rye 2020,seed for sowing | – | – | – | – | –
2020,rye,Rozs,cereals,seed_use,Vetőmag-felhasználás,t,6383.0,Cereal_Supply_Balance.xlsx,19.1.1.21.,Rye 2020,Seed consumption for sowing
2020,rye,Rozs,cereals,total_resource,Összes forrás,t,146997.0,Cereal_Supply_Balance.xlsx,19.1.1.21.,Rye 2020,Total resource
2020,rye,Rozs,cereals,total_use,Összes felhasználás,t,146997.0,Cereal_Supply_Balance.xlsx,19.1.1.21.,Rye 2020,Total use
2020,rye,Rozs,cereals,yield,Termésátlag,ha,3200.0,Cereal_Supply_Balance.xlsx,19.1.1.21.,Rye 2020,"Average yield, kilogram/hectare"
2020,triticale,Tritikálé,cereals,closing_stock,Zárókészlet,t,165738.0,Cereal_Supply_Balance.xlsx,19.1.1.21.,Triticale 2020,Closing stock
2020,triticale,Tritikálé,cereals,exports,Export,t,16067.0,Cereal_Supply_Balance.xlsx,19.1.1.21.,Triticale 2020,Exports
2020,triticale,Tritikálé,cereals,feed_use,Takarmányozás,t,45916.0,Cereal_Supply_Balance.xlsx,19.1.1.21.,Triticale 2020,fodder | – | – | – | – | –
2020,triticale,Tritikálé,cereals,feed_use,Takarmányozás,t,300477.0,Cereal_Supply_Balance.xlsx,19.1.1.21.,Triticale 2020,Feed consumption
2020,triticale,Tritikálé,cereals,food_use,Élelmezési felhasználás,t,46430.0,Cereal_Supply_Balance.xlsx,19.1.1.21.,Triticale 2020,for human consumption and for industrial purposes | – | – | – | – | –
2020,triticale,Tritikálé,cereals,food_use,Élelmezési felhasználás,t,4777.0,Cereal_Supply_Balance.xlsx,19.1.1.21.,Triticale 2020,domestic food consumption
2020,triticale,Tritikálé,cereals,harvested_area,Betakarított terület,ha,73812.0,Cereal_Supply_Balance.xlsx,19.1.1.21.,Triticale 2020,"Harvested area, hectare"
2020,triticale,Tritikálé,cereals,imports,Import,t,556.0,Cereal_Supply_Balance.xlsx,19.1.1.21.,Triticale 2020,Imports
2020,triticale,Tritikálé,cereals,industrial_use,Ipari felhasználás,t,4777.0,Cereal_Supply_Balance.xlsx,19.1.1.21.,Triticale 2020,Industrial processing
2020,triticale,Tritikálé,cereals,loss,Veszteség,t,1731.9999999999998,Cereal_Supply_Balance.xlsx,19.1.1.21.,Triticale 2020,Loss
2020,triticale,Tritikálé,cereals,opening_stock,Nyitókészlet,t,200136.0,Cereal_Supply_Balance.xlsx,19.1.1.21.,Triticale 2020,Initial stock
2020,triticale,Tritikálé,cereals,procurement_price,Felvásárlási ár,huf_t,46426.0,Cereal_Supply_Balance.xlsx,19.1.1.21.,Triticale 2020,"Average procurement price, HUF per tonne | – | – | – | – | –"
2020,triticale,Tritikálé,cereals,production,Termelés,t,304599.0,Cereal_Supply_Balance.xlsx,19.1.1.21.,Triticale 2020,"Total harvested production, tonne"
2020,triticale,Tritikálé,cereals,production,Termelés,t,304599.0,Cereal_Supply_Balance.xlsx,19.1.1.21.,Triticale 2020,Total harvested production
2020,triticale,Tritikálé,cereals,seed_use,Vetőmag-felhasználás,t,67739.0,Cereal_Supply_Balance.xlsx,19.1.1.21.,Triticale 2020,seed for sowing | – | – | – | – | –
2020,triticale,Tritikálé,cereals,seed_use,Vetőmag-felhasználás,t,16500.0,Cereal_Supply_Balance.xlsx,19.1.1.21.,Triticale 2020,Seed consumption for sowing
2020,triticale,Tritikálé,cereals,total_resource,Összes forrás,t,505291.0,Cereal_Supply_Balance.xlsx,19.1.1.21.,Triticale 2020,Total resource
2020,triticale,Tritikálé,cereals,total_use,Összes felhasználás,t,505291.0,Cereal_Supply_Balance.xlsx,19.1.1.21.,Triticale 2020,Total use
2020,triticale,Tritikálé,cereals,yield,Termésátlag,ha,4130.0,Cereal_Supply_Balance.xlsx,19.1.1.21.,Triticale 2020,"Average yield, kilogram/hectare"
2020,wheat,Búza,cereals,closing_stock,Zárókészlet,t,3578805.0,Cereal_Supply_Balance.xlsx,19.1.1.21.,Wheat 2020,Closing stock
2020,wheat,Búza,cereals,exports,Export,t,3115679.0,Cereal_Supply_Balance.xlsx,19.1.1.21.,Wheat 2020,Exports
2020,wheat,Búza,cereals,feed_use,Takarmányozás,t,52359.0,Cereal_Supply_Balance.xlsx,19.1.1.21.,Wheat 2020,fodder | – | – | – | – | –
2020,wheat,Búza,cereals,feed_use,Takarmányozás,t,1119732.0,Cereal_Supply_Balance.xlsx,19.1.1.21.,Wheat 2020,Feed consumption
2020,wheat,Búza,cereals,food_use,Élelmezési felhasználás,t,56237.0,Cereal_Supply_Balance.xlsx,19.1.1.21.,Wheat 2020,for human consumption and for industrial purposes | – | – | – | – | –
2020,wheat,Búza,cereals,food_use,Élelmezési felhasználás,t,1298010.0,Cereal_Supply_Balance.xlsx,19.1.1.21.,Wheat 2020,domestic food consumption
2020,wheat,Búza,cereals,harvested_area,Betakarított terület,ha,936624.0,Cereal_Supply_Balance.xlsx,19.1.1.21.,Wheat 2020,"Harvested area, hectare"
2020,wheat,Búza,cereals,imports,Import,t,191159.0,Cereal_Supply_Balance.xlsx,19.1.1.21.,Wheat 2020,Imports
2020,wheat,Búza,cereals,industrial_use,Ipari felhasználás,t,1298010.0,Cereal_Supply_Balance.xlsx,19.1.1.21.,Wheat 2020,Industrial processing
2020,wheat,Búza,cereals,loss,Veszteség,t,19364.0,Cereal_Supply_Balance.xlsx,19.1.1.21.,Wheat 2020,Loss
2020,wheat,Búza,cereals,opening_stock,Nyitókészlet,t,4042701.999999999,Cereal_Supply_Balance.xlsx,19.1.1.21.,Wheat 2020,Initial stock
2020,wheat,Búza,cereals,procurement_price,Felvásárlási ár,huf_t,54802.0,Cereal_Supply_Balance.xlsx,19.1.1.21.,Wheat 2020,"Average procurement price, HUF per tonne | – | – | – | – | –"
2020,wheat,Búza,cereals,production,Termelés,t,5121479.0,Cereal_Supply_Balance.xlsx,19.1.1.21.,Wheat 2020,"Total harvested production, tonne"
2020,wheat,Búza,cereals,production,Termelés,t,5121479.0,Cereal_Supply_Balance.xlsx,19.1.1.21.,Wheat 2020,Total harvested production
2020,wheat,Búza,cereals,seed_use,Vetőmag-felhasználás,t,68797.0,Cereal_Supply_Balance.xlsx,19.1.1.21.,Wheat 2020,seed for sowing | – | – | – | – | –
2020,wheat,Búza,cereals,seed_use,Vetőmag-felhasználás,t,223750.0,Cereal_Supply_Balance.xlsx,19.1.1.21.,Wheat 2020,Seed consumption for sowing
2020,wheat,Búza,cereals,total_resource,Összes forrás,t,9355340.0,Cereal_Supply_Balance.xlsx,19.1.1.21.,Wheat 2020,Total resource
2020,wheat,Búza,cereals,total_use,Összes felhasználás,t,9355340.0,Cereal_Supply_Balance.xlsx,19.1.1.21.,Wheat 2020,Total use
2020,wheat,Búza,cereals,yield,Termésátlag,ha,5470.0,Cereal_Supply_Balance.xlsx,19.1.1.21.,Wheat 2020,"Average yield, kilogram/hectare"
2020,peas,Borsó,field_crops,closing_stock,Zárókészlet,t,17997.0,Field_Crop_Supply_Balance.xlsx,19.1.1.22.,Peas 2020,"Closing stock, 31 December"
2020,peas,Borsó,field_crops,domestic_purchases,Belföldi beszerzés,t,101.0,Field_Crop_Supply_Balance.xlsx,19.1.1.22.,Peas 2020,Domestic purchases | – | – | – | – | –
2020,peas,Borsó,field_crops,exports,Export,t,1127.0,Field_Crop_Supply_Balance.xlsx,19.1.1.22.,Peas 2020,Direct exports
2020,peas,Borsó,field_crops,feed_use,Takarmányozás,t,72715.0,Field_Crop_Supply_Balance.xlsx,19.1.1.22.,Peas 2020,fodder | – | – | – | – | –
2020,peas,Borsó,field_crops,harvested_area,Betakarított terület,ha,10731.0,Field_Crop_Supply_Balance.xlsx,19.1.1.22.,Peas 2020,"Harvested area, hectare"
2020,peas,Borsó,field_crops,industrial_use,Ipari felhasználás,t,2343.0,Field_Crop_Supply_Balance.xlsx,19.1.1.22.,Peas 2020,Processing
2020,peas,Borsó,field_crops,intermediate_consumption,Folyó termelőfelhasználás,t,3430.0,Field_Crop_Supply_Balance.xlsx,19.1.1.22.,Peas 2020,Intermediate consumption
2020,peas,Borsó,field_crops,loss,Veszteség,t,817.0,Field_Crop_Supply_Balance.xlsx,19.1.1.22.,Peas 2020,Loss
2020,peas,Borsó,field_crops,opening_stock,Nyitókészlet,t,18737.0,Field_Crop_Supply_Balance.xlsx,19.1.1.22.,Peas 2020,Initial stock
2020,peas,Borsó,field_crops,other_use,Egyéb felhasználás,t,6489.0,Field_Crop_Supply_Balance.xlsx,19.1.1.22.,Peas 2020,other sales
2020,peas,Borsó,field_crops,procurement_price,Felvásárlási ár,huf_t,158030.0,Field_Crop_Supply_Balance.xlsx,19.1.1.22.,Peas 2020,"Average procurement price, HUF per tonne"
2020,peas,Borsó,field_crops,production,Termelés,t,24301.0,Field_Crop_Supply_Balance.xlsx,19.1.1.22.,Peas 2020,"Total harvested production, tonne"
2020,peas,Borsó,field_crops,production,Termelés,t,24301.0,Field_Crop_Supply_Balance.xlsx,19.1.1.22.,Peas 2020,Total harvested production
2020,peas,Borsó,field_crops,seed_use,Vetőmag-felhasználás,t,181717.0,Field_Crop_Supply_Balance.xlsx,19.1.1.22.,Peas 2020,seed for sowing | – | – | ... | ... | ...
2020,peas,Borsó,field_crops,total_resource,Összes forrás,t,43139.0,Field_Crop_Supply_Balance.xlsx,19.1.1.22.,Peas 2020,Total resource
2020,peas,Borsó,field_crops,total_use,Összes felhasználás,t,43139.0,Field_Crop_Supply_Balance.xlsx,19.1.1.22.,Peas 2020,Total use
2020,peas,Borsó,field_crops,yield,Termésátlag,ha,2260.0,Field_Crop_Supply_Balance.xlsx,19.1.1.22.,Peas 2020,"Average yield, kilogram/hectare"
2020,potato,Burgonya,field_crops,closing_stock,Zárókészlet,t,240036.0,Field_Crop_Supply_Balance.xlsx,19.1.1.22.,Potatoes 2020,"Closing stock, 31 December"
2020,potato,Burgonya,field_crops,exports,Export,t,1066.0,Field_Crop_Supply_Balance.xlsx,19.1.1.22.,Potatoes 2020,Direct exports
2020,potato,Burgonya,field_crops,food_use,Élelmezési felhasználás,t,93893.0,Field_Crop_Supply_Balance.xlsx,19.1.1.22.,Potatoes 2020,"for human consumption and for industrial purposes, fodder"
2020,potato,Burgonya,field_crops,harvested_area,Betakarított terület,ha,10265.0,Field_Crop_Supply_Balance.xlsx,19.1.1.22.,Potatoes 2020,"Harvested area, hectare"
2020,potato,Burgonya,field_crops,industrial_use,Ipari felhasználás,t,1023.0,Field_Crop_Supply_Balance.xlsx,19.1.1.22.,Potatoes 2020,Processing
2020,potato,Burgonya,field_crops,intermediate_consumption,Folyó termelőfelhasználás,t,10298.0,Field_Crop_Supply_Balance.xlsx,19.1.1.22.,Potatoes 2020,Intermediate consumption
2020,potato,Burgonya,field_crops,loss,Veszteség,t,6823.0,Field_Crop_Supply_Balance.xlsx,19.1.1.22.,Potatoes 2020,Loss
2020,potato,Burgonya,field_crops,opening_stock,Nyitókészlet,t,268394.0,Field_Crop_Supply_Balance.xlsx,19.1.1.22.,Potatoes 2020,Initial stock
2020,potato,Burgonya,field_crops,other_use,Egyéb felhasználás,t,169663.0,Field_Crop_Supply_Balance.xlsx,19.1.1.22.,Potatoes 2020,other sales
2020,potato,Burgonya,field_crops,procurement_price,Felvásárlási ár,huf_t,93893.0,Field_Crop_Supply_Balance.xlsx,19.1.1.22.,Potatoes 2020,"Average procurement price, HUF per tonne"
2020,potato,Burgonya,field_crops,production,Termelés,t,270092.0,Field_Crop_Supply_Balance.xlsx,19.1.1.22.,Potatoes 2020,"Total harvested production, tonne"
2020,potato,Burgonya,field_crops,production,Termelés,t,270092.0,Field_Crop_Supply_Balance.xlsx,19.1.1.22.,Potatoes 2020,Total harvested production
2020,potato,Burgonya,field_crops,total_resource,Összes forrás,t,538486.0,Field_Crop_Supply_Balance.xlsx,19.1.1.22.,Potatoes 2020,Total resource
2020,potato,Burgonya,field_crops,total_use,Összes felhasználás,t,538486.0,Field_Crop_Supply_Balance.xlsx,19.1.1.22.,Potatoes 2020,Total use
2020,potato,Burgonya,field_crops,yield,Termésátlag,ha,23380.0,Field_Crop_Supply_Balance.xlsx,19.1.1.22.,Potatoes 2020,"Average yield, kilogram/hectare"
2020,rapeseed,Repce,field_crops,closing_stock,Zárókészlet,t,142919.0,Field_Crop_Supply_Balance.xlsx,19.1.1.22.,Rape seed 2020,"Closing stock, 31 December"
2020,rapeseed,Repce,field_crops,exports,Export,t,12832.0,Field_Crop_Supply_Balance.xlsx,19.1.1.22.,Rape seed 2020,Direct exports
2020,rapeseed,Repce,field_crops,feed_use,Takarmányozás,t,121944.0,Field_Crop_Supply_Balance.xlsx,19.1.1.22.,Rape seed 2020,fodder | – | – | – | – | –
2020,rapeseed,Repce,field_crops,food_use,Élelmezési felhasználás,t,132392.0,Field_Crop_Supply_Balance.xlsx,19.1.1.22.,Rape seed 2020,"for human consumption and for industrial purposes, fodder"
2020,rapeseed,Repce,field_crops,harvested_area,Betakarított terület,ha,310016.0,Field_Crop_Supply_Balance.xlsx,19.1.1.22.,Rape seed 2020,"Harvested area, hectare"
2020,rapeseed,Repce,field_crops,industrial_use,Ipari felhasználás,t,8906.0,Field_Crop_Supply_Balance.xlsx,19.1.1.22.,Rape seed 2020,Processing
2020,rapeseed,Repce,field_crops,intermediate_consumption,Folyó termelőfelhasználás,t,3371.0,Field_Crop_Supply_Balance.xlsx,19.1.1.22.,Rape seed 2020,Intermediate consumption
2020,rapeseed,Repce,field_crops,loss,Veszteség,t,1417.0,Field_Crop_Supply_Balance.xlsx,19.1.1.22.,Rape seed 2020,Loss
2020,rapeseed,Repce,field_crops,opening_stock,Nyitókészlet,t,144207.0,Field_Crop_Supply_Balance.xlsx,19.1.1.22.,Rape seed 2020,Initial stock
2020,rapeseed,Repce,field_crops,other_use,Egyéb felhasználás,t,426263.0,Field_Crop_Supply_Balance.xlsx,19.1.1.22.,Rape seed 2020,other sales
2020,rapeseed,Repce,field_crops,procurement_price,Felvásárlási ár,huf_t,125972.0,Field_Crop_Supply_Balance.xlsx,19.1.1.22.,Rape seed 2020,"Average procurement price, HUF per tonne"
2020,rapeseed,Repce,field_crops,production,Termelés,t,876895.0,Field_Crop_Supply_Balance.xlsx,19.1.1.22.,Rape seed 2020,"Total harvested production, tonne"
2020,rapeseed,Repce,field_crops,production,Termelés,t,876895.0,Field_Crop_Supply_Balance.xlsx,19.1.1.22.,Rape seed 2020,Total harvested production
2020,rapeseed,Repce,field_crops,total_resource,Összes forrás,t,1021102.0,Field_Crop_Supply_Balance.xlsx,19.1.1.22.,Rape seed 2020,Total resource
2020,rapeseed,Repce,field_crops,total_use,Összes felhasználás,t,1021102.0,Field_Crop_Supply_Balance.xlsx,19.1.1.22.,Rape seed 2020,Total use
2020,rapeseed,Repce,field_crops,yield,Termésátlag,ha,2830.0,Field_Crop_Supply_Balance.xlsx,19.1.1.22.,Rape seed 2020,"Average yield, kilogram/hectare"
2020,soybean,Szója,field_crops,closing_stock,Zárókészlet,t,98607.0,Field_Crop_Supply_Balance.xlsx,19.1.1.22.,Soya-bean 2020,Closing stock | – | – | – | – | –
2020,soybean,Szója,field_crops,exports,Export,t,105486.0,Field_Crop_Supply_Balance.xlsx,19.1.1.22.,Soya-bean 2020,Exports | – | – | – | – | –
2020,soybean,Szója,field_crops,feed_use,Takarmányozás,t,25997.0,Field_Crop_Supply_Balance.xlsx,19.1.1.22.,Soya-bean 2020,Feed consumption | – | – | – | – | –
2020,soybean,Szója,field_crops,food_use,Élelmezési felhasználás,t,123314.0,Field_Crop_Supply_Balance.xlsx,19.1.1.22.,Soya-bean 2020,"for human consumption and for industrial purposes, fodder"
2020,soybean,Szója,field_crops,food_use,Élelmezési felhasználás,t,15169.0,Field_Crop_Supply_Balance.xlsx,19.1.1.22.,Soya-bean 2020,domestic food consumption | – | – | – | – | –
2020,soybean,Szója,field_crops,harvested_area,Betakarított terület,ha,58670.0,Field_Crop_Supply_Balance.xlsx,19.1.1.22.,Soya-bean 2020,"Harvested area, hectare"
2020,soybean,Szója,field_crops,imports,Import,t,163168.0,Field_Crop_Supply_Balance.xlsx,19.1.1.22.,Soya-bean 2020,Imports | – | – | – | – | –
2020,soybean,Szója,field_crops,industrial_use,Ipari felhasználás,t,113603.0,Field_Crop_Supply_Balance.xlsx,19.1.1.22.,Soya-bean 2020,Industrial processing | – | – | – | – | –
2020,soybean,Szója,field_crops,loss,Veszteség,t,843.0,Field_Crop_Supply_Balance.xlsx,19.1.1.22.,Soya-bean 2020,Loss | – | – | – | – | –
2020,soybean,Szója,field_crops,opening_stock,Nyitókészlet,t,129507.0,Field_Crop_Supply_Balance.xlsx,19.1.1.22.,Soya-bean 2020,Initial stock | – | – | – | – | –
2020,soybean,Szója,field_crops,other_use,Egyéb felhasználás,t,108496.0,Field_Crop_Supply_Balance.xlsx,19.1.1.22.,Soya-bean 2020,Other consumption | – | – | – | – | –
2020,soybean,Szója,field_crops,procurement_price,Felvásárlási ár,huf_t,122799.0,Field_Crop_Supply_Balance.xlsx,19.1.1.22.,Soya-bean 2020,"Average procurement price, HUF per tonne"
2020,soybean,Szója,field_crops,production,Termelés,t,165757.0,Field_Crop_Supply_Balance.xlsx,19.1.1.22.,Soya-bean 2020,"Total harvested production, tonne"
2020,soybean,Szója,field_crops,production,Termelés,t,165757.0,Field_Crop_Supply_Balance.xlsx,19.1.1.22.,Soya-bean 2020,Total harvested production | – | – | – | – | –
2020,soybean,Szója,field_crops,seed_use,Vetőmag-felhasználás,t,121319.0,Field_Crop_Supply_Balance.xlsx,19.1.1.22.,Soya-bean 2020,seed for sowing | – | – | ... | ... | ...
2020,soybean,Szója,field_crops,seed_use,Vetőmag-felhasználás,t,5400.0,Field_Crop_Supply_Balance.xlsx,19.1.1.22.,Soya-bean 2020,Seed consumption for sowing | – | – | – | – | –
2020,soybean,Szója,field_crops,total_resource,Összes forrás,t,458432.0,Field_Crop_Supply_Balance.xlsx,19.1.1.22.,Soya-bean 2020,Total resource | – | – | – | – | –
2020,soybean,Szója,field_crops,total_use,Összes felhasználás,t,458432.0,Field_Crop_Supply_Balance.xlsx,19.1.1.22.,Soya-bean 2020,Total use | – | – | – | – | –
2020,soybean,Szója,field_crops,yield,Termésátlag,ha,2830.0,Field_Crop_Supply_Balance.xlsx,19.1.1.22.,Soya-bean 2020,"Average yield, kilogram/hectare"
2020,sugar_beet,Cukorrépa,field_crops,closing_stock,Zárókészlet,t,131788.0,Field_Crop_Supply_Balance.xlsx,19.1.1.22.,Sugar beet 2020,"Closing stock, 31 December"
2020,sugar_beet,Cukorrépa,field_crops,exports,Export,t,13439.0,Field_Crop_Supply_Balance.xlsx,19.1.1.22.,Sugar beet 2020,Direct exports
2020,sugar_beet,Cukorrépa,field_crops,harvested_area,Betakarított terület,ha,12913.0,Field_Crop_Supply_Balance.xlsx,19.1.1.22.,Sugar beet 2020,"Harvested area, hectare"
2020,sugar_beet,Cukorrépa,field_crops,intermediate_consumption,Folyó termelőfelhasználás,t,1575.0,Field_Crop_Supply_Balance.xlsx,19.1.1.22.,Sugar beet 2020,Intermediate consumption
2020,sugar_beet,Cukorrépa,field_crops,loss,Veszteség,t,5517.0,Field_Crop_Supply_Balance.xlsx,19.1.1.22.,Sugar beet 2020,Loss
2020,sugar_beet,Cukorrépa,field_crops,opening_stock,Nyitókészlet,t,155414.0,Field_Crop_Supply_Balance.xlsx,19.1.1.22.,Sugar beet 2020,Initial stock
2020,sugar_beet,Cukorrépa,field_crops,other_use,Egyéb felhasználás,t,82627.0,Field_Crop_Supply_Balance.xlsx,19.1.1.22.,Sugar beet 2020,other sales
2020,sugar_beet,Cukorrépa,field_crops,production,Termelés,t,780458.0,Field_Crop_Supply_Balance.xlsx,19.1.1.22.,Sugar beet 2020,"Total harvested production, tonne"
2020,sugar_beet,Cukorrépa,field_crops,production,Termelés,t,780458.0,Field_Crop_Supply_Balance.xlsx,19.1.1.22.,Sugar beet 2020,Total harvested production
2020,sugar_beet,Cukorrépa,field_crops,total_resource,Összes forrás,t,935872.0,Field_Crop_Supply_Balance.xlsx,19.1.1.22.,Sugar beet 2020,Total resource
2020,sugar_beet,Cukorrépa,field_crops,total_use,Összes felhasználás,t,935872.0,Field_Crop_Supply_Balance.xlsx,19.1.1.22.,Sugar beet 2020,Total use
2020,sugar_beet,Cukorrépa,field_crops,yield,Termésátlag,ha,60440.0,Field_Crop_Supply_Balance.xlsx,19.1.1.22.,Sugar beet 2020,"Average yield, kilogram/hectare"
2020,sunflower,Napraforgó,field_crops,closing_stock,Zárókészlet,t,535254.0,Field_Crop_Supply_Balance.xlsx,19.1.1.22.,Sunflower seed 2020,Closing stock | – | – | – | – | –
2020,sunflower,Napraforgó,field_crops,exports,Export,t,352396.0,Field_Crop_Supply_Balance.xlsx,19.1.1.22.,Sunflower seed 2020,Exports | – | – | – | – | –
2020,sunflower,Napraforgó,field_crops,feed_use,Takarmányozás,t,120764.0,Field_Crop_Supply_Balance.xlsx,19.1.1.22.,Sunflower seed 2020,fodder | – | – | – | – | –
2020,sunflower,Napraforgó,field_crops,feed_use,Takarmányozás,t,62721.0,Field_Crop_Supply_Balance.xlsx,19.1.1.22.,Sunflower seed 2020,Feed consumption | – | – | – | – | –
2020,sunflower,Napraforgó,field_crops,food_use,Élelmezési felhasználás,t,137833.0,Field_Crop_Supply_Balance.xlsx,19.1.1.22.,Sunflower seed 2020,for human consumption | – | – | – | – | –
2020,sunflower,Napraforgó,field_crops,food_use,Élelmezési felhasználás,t,710.0,Field_Crop_Supply_Balance.xlsx,19.1.1.22.,Sunflower seed 2020,Personal consumption | – | – | – | – | –
2020,sunflower,Napraforgó,field_crops,food_use,Élelmezési felhasználás,t,513160.0,Field_Crop_Supply_Balance.xlsx,19.1.1.22.,Sunflower seed 2020,domestic food consumption | – | – | – | – | –
2020,sunflower,Napraforgó,field_crops,harvested_area,Betakarított terület,ha,612565.0,Field_Crop_Supply_Balance.xlsx,19.1.1.22.,Sunflower seed 2020,"Harvested area, hectare"
2020,sunflower,Napraforgó,field_crops,imports,Import,t,141206.0,Field_Crop_Supply_Balance.xlsx,19.1.1.22.,Sunflower seed 2020,Imports | – | – | – | – | –
2020,sunflower,Napraforgó,field_crops,industrial_use,Ipari felhasználás,t,121352.0,Field_Crop_Supply_Balance.xlsx,19.1.1.22.,Sunflower seed 2020,for industrial purposes | – | – | – | – | –
2020,sunflower,Napraforgó,field_crops,industrial_use,Ipari felhasználás,t,1415142.0,Field_Crop_Supply_Balance.xlsx,19.1.1.22.,Sunflower seed 2020,Industrial processing | – | – | – | – | –
2020,sunflower,Napraforgó,field_crops,loss,Veszteség,t,11358.0,Field_Crop_Supply_Balance.xlsx,19.1.1.22.,Sunflower seed 2020,Loss | – | – | – | – | –
2020,sunflower,Napraforgó,field_crops,opening_stock,Nyitókészlet,t,544587.0,Field_Crop_Supply_Balance.xlsx,19.1.1.22.,Sunflower seed 2020,Initial stock | – | – | – | – | –
2020,sunflower,Napraforgó,field_crops,procurement_price,Felvásárlási ár,huf_t,122363.0,Field_Crop_Supply_Balance.xlsx,19.1.1.22.,Sunflower seed 2020,"Average procurement price, HUF per tonne"
2020,sunflower,Napraforgó,field_crops,production,Termelés,t,1697961.0,Field_Crop_Supply_Balance.xlsx,19.1.1.22.,Sunflower seed 2020,"Total harvested production, tonne"
2020,sunflower,Napraforgó,field_crops,production,Termelés,t,1697961.0,Field_Crop_Supply_Balance.xlsx,19.1.1.22.,Sunflower seed 2020,Total harvested production | – | – | – | – | –
2020,sunflower,Napraforgó,field_crops,seed_use,Vetőmag-felhasználás,t,269875.0,Field_Crop_Supply_Balance.xlsx,19.1.1.22.,Sunflower seed 2020,seed for sowing | – | – | ... | ... | ...
2020,sunflower,Napraforgó,field_crops,seed_use,Vetőmag-felhasználás,t,6173.0,Field_Crop_Supply_Balance.xlsx,19.1.1.22.,Sunflower seed 2020,Seed consumption for sowing | – | – | – | – | –
2020,sunflower,Napraforgó,field_crops,total_resource,Összes forrás,t,2383754.0,Field_Crop_Supply_Balance.xlsx,19.1.1.22.,Sunflower seed 2020,Total resource | – | – | – | – | –
2020,sunflower,Napraforgó,field_crops,total_use,Összes felhasználás,t,2383754.0,Field_Crop_Supply_Balance.xlsx,19.1.1.22.,Sunflower seed 2020,Total use | – | – | – | – | –
2020,sunflower,Napraforgó,field_crops,yield,Termésátlag,ha,2770.0,Field_Crop_Supply_Balance.xlsx,19.1.1.22.,Sunflower seed 2020,"Average yield, kilogram/hectare"
2021,barley,Árpa,cereals,closing_stock,Zárókészlet,t,372679.0,Cereal_Supply_Balance.xlsx,19.1.1.21.,Barley 2021,Closing stock
2021,barley,Árpa,cereals,exports,Export,t,874228.0,Cereal_Supply_Balance.xlsx,19.1.1.21.,Barley 2021,Exports
2021,barley,Árpa,cereals,feed_use,Takarmányozás,t,58968.0,Cereal_Supply_Balance.xlsx,19.1.1.21.,Barley 2021,fodder | – | – | – | – | –
2021,barley,Árpa,cereals,feed_use,Takarmányozás,t,638503.0,Cereal_Supply_Balance.xlsx,19.1.1.21.,Barley 2021,Feed consumption
2021,barley,Árpa,cereals,food_use,Élelmezési felhasználás,t,58358.0,Cereal_Supply_Balance.xlsx,19.1.1.21.,Barley 2021,for human consumption and for industrial purposes | – | – | – | – | –
2021,barley,Árpa,cereals,food_use,Élelmezési felhasználás,t,20967.0,Cereal_Supply_Balance.xlsx,19.1.1.21.,Barley 2021,domestic food consumption
2021,barley,Árpa,cereals,harvested_area,Betakarított terület,ha,268606.0,Cereal_Supply_Balance.xlsx,19.1.1.21.,Barley 2021,"Harvested area, hectare"
2021,barley,Árpa,cereals,imports,Import,t,62359.0,Cereal_Supply_Balance.xlsx,19.1.1.21.,Barley 2021,Imports
2021,barley,Árpa,cereals,industrial_use,Ipari felhasználás,t,113010.0,Cereal_Supply_Balance.xlsx,19.1.1.21.,Barley 2021,Industrial processing
2021,barley,Árpa,cereals,loss,Veszteség,t,5014.0,Cereal_Supply_Balance.xlsx,19.1.1.21.,Barley 2021,Loss
2021,barley,Árpa,cereals,opening_stock,Nyitókészlet,t,312843.0,Cereal_Supply_Balance.xlsx,19.1.1.21.,Barley 2021,Initial stock
2021,barley,Árpa,cereals,procurement_price,Felvásárlási ár,huf_t,59039.0,Cereal_Supply_Balance.xlsx,19.1.1.21.,Barley 2021,"Average procurement price, HUF per tonne | – | – | – | – | –"
2021,barley,Árpa,cereals,production,Termelés,t,1711626.0,Cereal_Supply_Balance.xlsx,19.1.1.21.,Barley 2021,"Total harvested production, tonne"
2021,barley,Árpa,cereals,production,Termelés,t,1711626.0,Cereal_Supply_Balance.xlsx,19.1.1.21.,Barley 2021,Total harvested production
2021,barley,Árpa,cereals,seed_use,Vetőmag-felhasználás,t,80896.0,Cereal_Supply_Balance.xlsx,19.1.1.21.,Barley 2021,seed for sowing | – | – | – | – | –
2021,barley,Árpa,cereals,seed_use,Vetőmag-felhasználás,t,83394.0,Cereal_Supply_Balance.xlsx,19.1.1.21.,Barley 2021,Seed consumption for sowing
2021,barley,Árpa,cereals,total_resource,Összes forrás,t,2086828.0,Cereal_Supply_Balance.xlsx,19.1.1.21.,Barley 2021,Total resource
2021,barley,Árpa,cereals,total_use,Összes felhasználás,t,2086828.0,Cereal_Supply_Balance.xlsx,19.1.1.21.,Barley 2021,Total use
2021,barley,Árpa,cereals,yield,Termésátlag,ha,6370.0,Cereal_Supply_Balance.xlsx,19.1.1.21.,Barley 2021,"Average yield, kilogram/hectare"
2021,cereals_total,Gabonafélék összesen,cereals,closing_stock,Zárókészlet,t,10469811.999999996,Cereal_Supply_Balance.xlsx,19.1.1.21.,"Cereals, total 2021",Closing stock
2021,cereals_total,Gabonafélék összesen,cereals,exports,Export,t,7009896.0,Cereal_Supply_Balance.xlsx,19.1.1.21.,"Cereals, total 2021",Exports
2021,cereals_total,Gabonafélék összesen,cereals,feed_use,Takarmányozás,t,4750643.0,Cereal_Supply_Balance.xlsx,19.1.1.21.,"Cereals, total 2021",Feed consumption
2021,cereals_total,Gabonafélék összesen,cereals,food_use,Élelmezési felhasználás,t,1894442.0,Cereal_Supply_Balance.xlsx,19.1.1.21.,"Cereals, total 2021",domestic food consumption
2021,cereals_total,Gabonafélék összesen,cereals,harvested_area,Betakarított terület,ha,2361638.0,Cereal_Supply_Balance.xlsx,19.1.1.21.,"Cereals, total 2021","Harvested area, hectare"
2021,cereals_total,Gabonafélék összesen,cereals,imports,Import,t,814702.0,Cereal_Supply_Balance.xlsx,19.1.1.21.,"Cereals, total 2021",Imports
2021,cereals_total,Gabonafélék összesen,cereals,industrial_use,Ipari felhasználás,t,4044509.0,Cereal_Supply_Balance.xlsx,19.1.1.21.,"Cereals, total 2021",Industrial processing
2021,cereals_total,Gabonafélék összesen,cereals,loss,Veszteség,t,81093.0,Cereal_Supply_Balance.xlsx,19.1.1.21.,"Cereals, total 2021",Loss
2021,cereals_total,Gabonafélék összesen,cereals,opening_stock,Nyitókészlet,t,11917904.0,Cereal_Supply_Balance.xlsx,19.1.1.21.,"Cereals, total 2021",Initial stock
2021,cereals_total,Gabonafélék összesen,cereals,other_use,Egyéb felhasználás,t,1969.0,Cereal_Supply_Balance.xlsx,19.1.1.21.,"Cereals, total 2021",Other consumption
2021,cereals_total,Gabonafélék összesen,cereals,production,Termelés,t,14018437.0,Cereal_Supply_Balance.xlsx,19.1.1.21.,"Cereals, total 2021","Total harvested production, tonne"
2021,cereals_total,Gabonafélék összesen,cereals,production,Termelés,t,14018437.0,Cereal_Supply_Balance.xlsx,19.1.1.21.,"Cereals, total 2021",Total harvested production
2021,cereals_total,Gabonafélék összesen,cereals,seed_use,Vetőmag-felhasználás,t,393121.0,Cereal_Supply_Balance.xlsx,19.1.1.21.,"Cereals, total 2021",Seed consumption for sowing
2021,cereals_total,Gabonafélék összesen,cereals,total_resource,Összes forrás,t,26751043.0,Cereal_Supply_Balance.xlsx,19.1.1.21.,"Cereals, total 2021",Total resource
2021,cereals_total,Gabonafélék összesen,cereals,total_use,Összes felhasználás,t,26751043.0,Cereal_Supply_Balance.xlsx,19.1.1.21.,"Cereals, total 2021",Total use
2021,cereals_total,Gabonafélék összesen,cereals,yield,Termésátlag,ha,5940.0,Cereal_Supply_Balance.xlsx,19.1.1.21.,"Cereals, total 2021","Average yield, kilogram/hectare"
2021,maize,Kukorica,cereals,closing_stock,Zárókészlet,t,6193329.0,Cereal_Supply_Balance.xlsx,19.1.1.21.,Maize 2021,Closing stock
2021,maize,Kukorica,cereals,exports,Export,t,3403906.0,Cereal_Supply_Balance.xlsx,19.1.1.21.,Maize 2021,Exports
2021,maize,Kukorica,cereals,feed_use,Takarmányozás,t,73023.0,Cereal_Supply_Balance.xlsx,19.1.1.21.,Maize 2021,fodder | – | – | – | – | –
2021,maize,Kukorica,cereals,feed_use,Takarmányozás,t,2499828.0,Cereal_Supply_Balance.xlsx,19.1.1.21.,Maize 2021,Feed consumption
2021,maize,Kukorica,cereals,food_use,Élelmezési felhasználás,t,68114.0,Cereal_Supply_Balance.xlsx,19.1.1.21.,Maize 2021,for human consumption and for industrial purposes | – | – | – | – | –
2021,maize,Kukorica,cereals,food_use,Élelmezési felhasználás,t,395874.0,Cereal_Supply_Balance.xlsx,19.1.1.21.,Maize 2021,domestic food consumption
2021,maize,Kukorica,cereals,harvested_area,Betakarított terület,ha,1054566.0,Cereal_Supply_Balance.xlsx,19.1.1.21.,Maize 2021,"Harvested area, hectare"
2021,maize,Kukorica,cereals,imports,Import,t,463955.0,Cereal_Supply_Balance.xlsx,19.1.1.21.,Maize 2021,Imports
2021,maize,Kukorica,cereals,industrial_use,Ipari felhasználás,t,2450146.0,Cereal_Supply_Balance.xlsx,19.1.1.21.,Maize 2021,Industrial processing
2021,maize,Kukorica,cereals,loss,Veszteség,t,46389.0,Cereal_Supply_Balance.xlsx,19.1.1.21.,Maize 2021,Loss
2021,maize,Kukorica,cereals,opening_stock,Nyitókészlet,t,7699437.0,Cereal_Supply_Balance.xlsx,19.1.1.21.,Maize 2021,Initial stock
2021,maize,Kukorica,cereals,procurement_price,Felvásárlási ár,huf_t,72823.0,Cereal_Supply_Balance.xlsx,19.1.1.21.,Maize 2021,"Average procurement price, HUF per tonne | – | – | – | – | –"
2021,maize,Kukorica,cereals,production,Termelés,t,6462205.0,Cereal_Supply_Balance.xlsx,19.1.1.21.,Maize 2021,"Total harvested production, tonne"
2021,maize,Kukorica,cereals,production,Termelés,t,6462205.0,Cereal_Supply_Balance.xlsx,19.1.1.21.,Maize 2021,Total harvested production
2021,maize,Kukorica,cereals,seed_use,Vetőmag-felhasználás,t,310201.0,Cereal_Supply_Balance.xlsx,19.1.1.21.,Maize 2021,seed for sowing | – | – | – | – | –
2021,maize,Kukorica,cereals,seed_use,Vetőmag-felhasználás,t,31999.0,Cereal_Supply_Balance.xlsx,19.1.1.21.,Maize 2021,Seed consumption for sowing
2021,maize,Kukorica,cereals,total_resource,Összes forrás,t,14625597.0,Cereal_Supply_Balance.xlsx,19.1.1.21.,Maize 2021,Total resource
2021,maize,Kukorica,cereals,total_use,Összes felhasználás,t,14625597.0,Cereal_Supply_Balance.xlsx,19.1.1.21.,Maize 2021,Total use
2021,maize,Kukorica,cereals,yield,Termésátlag,ha,6130.0,Cereal_Supply_Balance.xlsx,19.1.1.21.,Maize 2021,"Average yield, kilogram/hectare"
2021,oats,Zab,cereals,closing_stock,Zárókészlet,t,44494.0,Cereal_Supply_Balance.xlsx,19.1.1.21.,Oats 2021,Closing stock
2021,oats,Zab,cereals,exports,Export,t,7380.0,Cereal_Supply_Balance.xlsx,19.1.1.21.,Oats 2021,Exports
2021,oats,Zab,cereals,feed_use,Takarmányozás,t,58967.0,Cereal_Supply_Balance.xlsx,19.1.1.21.,Oats 2021,fodder | – | – | – | – | –
2021,oats,Zab,cereals,feed_use,Takarmányozás,t,66907.0,Cereal_Supply_Balance.xlsx,19.1.1.21.,Oats 2021,Feed consumption
2021,oats,Zab,cereals,food_use,Élelmezési felhasználás,t,55058.0,Cereal_Supply_Balance.xlsx,19.1.1.21.,Oats 2021,for human consumption and for industrial purposes | – | – | – | – | –
2021,oats,Zab,cereals,food_use,Élelmezési felhasználás,t,1120.0,Cereal_Supply_Balance.xlsx,19.1.1.21.,Oats 2021,domestic food consumption
2021,oats,Zab,cereals,harvested_area,Betakarított terület,ha,25038.0,Cereal_Supply_Balance.xlsx,19.1.1.21.,Oats 2021,"Harvested area, hectare"
2021,oats,Zab,cereals,imports,Import,t,10288.0,Cereal_Supply_Balance.xlsx,19.1.1.21.,Oats 2021,Imports
2021,oats,Zab,cereals,industrial_use,Ipari felhasználás,t,4695.0,Cereal_Supply_Balance.xlsx,19.1.1.21.,Oats 2021,Industrial processing
2021,oats,Zab,cereals,loss,Veszteség,t,252.0,Cereal_Supply_Balance.xlsx,19.1.1.21.,Oats 2021,Loss
2021,oats,Zab,cereals,opening_stock,Nyitókészlet,t,40945.0,Cereal_Supply_Balance.xlsx,19.1.1.21.,Oats 2021,Initial stock
2021,oats,Zab,cereals,procurement_price,Felvásárlási ár,huf_t,59098.0,Cereal_Supply_Balance.xlsx,19.1.1.21.,Oats 2021,"Average procurement price, HUF per tonne | – | – | – | – | –"
2021,oats,Zab,cereals,production,Termelés,t,76689.0,Cereal_Supply_Balance.xlsx,19.1.1.21.,Oats 2021,"Total harvested production, tonne"
2021,oats,Zab,cereals,production,Termelés,t,76689.0,Cereal_Supply_Balance.xlsx,19.1.1.21.,Oats 2021,Total harvested production
2021,oats,Zab,cereals,seed_use,Vetőmag-felhasználás,t,86818.0,Cereal_Supply_Balance.xlsx,19.1.1.21.,Oats 2021,seed for sowing | – | – | – | – | –
2021,oats,Zab,cereals,seed_use,Vetőmag-felhasználás,t,4194.0,Cereal_Supply_Balance.xlsx,19.1.1.21.,Oats 2021,Seed consumption for sowing
2021,oats,Zab,cereals,total_resource,Összes forrás,t,127922.0,Cereal_Supply_Balance.xlsx,19.1.1.21.,Oats 2021,Total resource
2021,oats,Zab,cereals,total_use,Összes felhasználás,t,127922.0,Cereal_Supply_Balance.xlsx,19.1.1.21.,Oats 2021,Total use
2021,oats,Zab,cereals,yield,Termésátlag,ha,3060.0,Cereal_Supply_Balance.xlsx,19.1.1.21.,Oats 2021,"Average yield, kilogram/hectare"
2021,rice,Rizs,cereals,closing_stock,Zárókészlet,t,4686.0,Cereal_Supply_Balance.xlsx,19.1.1.21.,Rice 2021,Closing stock
2021,rice,Rizs,cereals,exports,Export,t,6754.0,Cereal_Supply_Balance.xlsx,19.1.1.21.,Rice 2021,Exports
2021,rice,Rizs,cereals,food_use,Élelmezési felhasználás,t,56141.0,Cereal_Supply_Balance.xlsx,19.1.1.21.,Rice 2021,domestic food consumption
2021,rice,Rizs,cereals,harvested_area,Betakarított terület,ha,2718.0,Cereal_Supply_Balance.xlsx,19.1.1.21.,Rice 2021,"Harvested area, hectare"
2021,rice,Rizs,cereals,imports,Import,t,52154.0,Cereal_Supply_Balance.xlsx,19.1.1.21.,Rice 2021,Imports
2021,rice,Rizs,cereals,industrial_use,Ipari felhasználás,t,56141.0,Cereal_Supply_Balance.xlsx,19.1.1.21.,Rice 2021,Industrial processing
2021,rice,Rizs,cereals,loss,Veszteség,t,285.0,Cereal_Supply_Balance.xlsx,19.1.1.21.,Rice 2021,Loss
2021,rice,Rizs,cereals,opening_stock,Nyitókészlet,t,6654.0,Cereal_Supply_Balance.xlsx,19.1.1.21.,Rice 2021,Initial stock
2021,rice,Rizs,cereals,production,Termelés,t,9521.0,Cereal_Supply_Balance.xlsx,19.1.1.21.,Rice 2021,"Total harvested production, tonne"
2021,rice,Rizs,cereals,production,Termelés,t,9521.2,Cereal_Supply_Balance.xlsx,19.1.1.21.,Rice 2021,Total harvested production
2021,rice,Rizs,cereals,seed_use,Vetőmag-felhasználás,t,463.0,Cereal_Supply_Balance.xlsx,19.1.1.21.,Rice 2021,Seed consumption for sowing
2021,rice,Rizs,cereals,total_resource,Összes forrás,t,68329.2,Cereal_Supply_Balance.xlsx,19.1.1.21.,Rice 2021,Total resource
2021,rice,Rizs,cereals,total_use,Összes felhasználás,t,68329.0,Cereal_Supply_Balance.xlsx,19.1.1.21.,Rice 2021,Total use
2021,rice,Rizs,cereals,yield,Termésátlag,ha,3500.0,Cereal_Supply_Balance.xlsx,19.1.1.21.,Rice 2021,"Average yield, kilogram/hectare"
2021,rye,Rozs,cereals,closing_stock,Zárókészlet,t,49598.0,Cereal_Supply_Balance.xlsx,19.1.1.21.,Rye 2021,Closing stock
2021,rye,Rozs,cereals,exports,Export,t,17356.0,Cereal_Supply_Balance.xlsx,19.1.1.21.,Rye 2021,Exports
2021,rye,Rozs,cereals,feed_use,Takarmányozás,t,58022.0,Cereal_Supply_Balance.xlsx,19.1.1.21.,Rye 2021,fodder | – | – | – | – | –
2021,rye,Rozs,cereals,feed_use,Takarmányozás,t,64558.0,Cereal_Supply_Balance.xlsx,19.1.1.21.,Rye 2021,Feed consumption
2021,rye,Rozs,cereals,food_use,Élelmezési felhasználás,t,57579.0,Cereal_Supply_Balance.xlsx,19.1.1.21.,Rye 2021,for human consumption and for industrial purposes | – | – | – | – | –
2021,rye,Rozs,cereals,food_use,Élelmezési felhasználás,t,14031.0,Cereal_Supply_Balance.xlsx,19.1.1.21.,Rye 2021,domestic food consumption
2021,rye,Rozs,cereals,harvested_area,Betakarított terület,ha,25703.0,Cereal_Supply_Balance.xlsx,19.1.1.21.,Rye 2021,"Harvested area, hectare"
2021,rye,Rozs,cereals,imports,Import,t,12373.0,Cereal_Supply_Balance.xlsx,19.1.1.21.,Rye 2021,Imports
2021,rye,Rozs,cereals,industrial_use,Ipari felhasználás,t,14031.0,Cereal_Supply_Balance.xlsx,19.1.1.21.,Rye 2021,Industrial processing
2021,rye,Rozs,cereals,loss,Veszteség,t,220.0,Cereal_Supply_Balance.xlsx,19.1.1.21.,Rye 2021,Loss
2021,rye,Rozs,cereals,opening_stock,Nyitókészlet,t,54842.0,Cereal_Supply_Balance.xlsx,19.1.1.21.,Rye 2021,Initial stock
2021,rye,Rozs,cereals,procurement_price,Felvásárlási ár,huf_t,57973.0,Cereal_Supply_Balance.xlsx,19.1.1.21.,Rye 2021,"Average procurement price, HUF per tonne | – | – | – | – | –"
2021,rye,Rozs,cereals,production,Termelés,t,85008.0,Cereal_Supply_Balance.xlsx,19.1.1.21.,Rye 2021,"Total harvested production, tonne"
2021,rye,Rozs,cereals,production,Termelés,t,85008.0,Cereal_Supply_Balance.xlsx,19.1.1.21.,Rye 2021,Total harvested production
2021,rye,Rozs,cereals,seed_use,Vetőmag-felhasználás,t,80503.0,Cereal_Supply_Balance.xlsx,19.1.1.21.,Rye 2021,seed for sowing | – | – | – | – | –
2021,rye,Rozs,cereals,seed_use,Vetőmag-felhasználás,t,6460.0,Cereal_Supply_Balance.xlsx,19.1.1.21.,Rye 2021,Seed consumption for sowing
2021,rye,Rozs,cereals,total_resource,Összes forrás,t,152223.3,Cereal_Supply_Balance.xlsx,19.1.1.21.,Rye 2021,Total resource
2021,rye,Rozs,cereals,total_use,Összes felhasználás,t,152223.0,Cereal_Supply_Balance.xlsx,19.1.1.21.,Rye 2021,Total use
2021,rye,Rozs,cereals,yield,Termésátlag,ha,3310.0,Cereal_Supply_Balance.xlsx,19.1.1.21.,Rye 2021,"Average yield, kilogram/hectare"
2021,triticale,Tritikálé,cereals,closing_stock,Zárókészlet,t,133058.0,Cereal_Supply_Balance.xlsx,19.1.1.21.,Triticale 2021,Closing stock
2021,triticale,Tritikálé,cereals,exports,Export,t,7710.0,Cereal_Supply_Balance.xlsx,19.1.1.21.,Triticale 2021,Exports
2021,triticale,Tritikálé,cereals,feed_use,Takarmányozás,t,61209.0,Cereal_Supply_Balance.xlsx,19.1.1.21.,Triticale 2021,fodder | – | – | – | – | –
2021,triticale,Tritikálé,cereals,feed_use,Takarmányozás,t,281120.0,Cereal_Supply_Balance.xlsx,19.1.1.21.,Triticale 2021,Feed consumption
2021,triticale,Tritikálé,cereals,food_use,Élelmezési felhasználás,t,61582.0,Cereal_Supply_Balance.xlsx,19.1.1.21.,Triticale 2021,for human consumption and for industrial purposes | – | – | – | – | –
2021,triticale,Tritikálé,cereals,food_use,Élelmezési felhasználás,t,4400.0,Cereal_Supply_Balance.xlsx,19.1.1.21.,Triticale 2021,domestic food consumption
2021,triticale,Tritikálé,cereals,harvested_area,Betakarított terület,ha,61877.0,Cereal_Supply_Balance.xlsx,19.1.1.21.,Triticale 2021,"Harvested area, hectare"
2021,triticale,Tritikálé,cereals,imports,Import,t,1645.0,Cereal_Supply_Balance.xlsx,19.1.1.21.,Triticale 2021,Imports
2021,triticale,Tritikálé,cereals,industrial_use,Ipari felhasználás,t,4400.0,Cereal_Supply_Balance.xlsx,19.1.1.21.,Triticale 2021,Industrial processing
2021,triticale,Tritikálé,cereals,loss,Veszteség,t,1566.0,Cereal_Supply_Balance.xlsx,19.1.1.21.,Triticale 2021,Loss
2021,triticale,Tritikálé,cereals,opening_stock,Nyitókészlet,t,165738.0,Cereal_Supply_Balance.xlsx,19.1.1.21.,Triticale 2021,Initial stock
2021,triticale,Tritikálé,cereals,procurement_price,Felvásárlási ár,huf_t,61574.0,Cereal_Supply_Balance.xlsx,19.1.1.21.,Triticale 2021,"Average procurement price, HUF per tonne | – | – | – | – | –"
2021,triticale,Tritikálé,cereals,production,Termelés,t,277438.0,Cereal_Supply_Balance.xlsx,19.1.1.21.,Triticale 2021,"Total harvested production, tonne"
2021,triticale,Tritikálé,cereals,production,Termelés,t,277438.0,Cereal_Supply_Balance.xlsx,19.1.1.21.,Triticale 2021,Total harvested production
2021,triticale,Tritikálé,cereals,seed_use,Vetőmag-felhasználás,t,98086.0,Cereal_Supply_Balance.xlsx,19.1.1.21.,Triticale 2021,seed for sowing | – | – | – | – | –
2021,triticale,Tritikálé,cereals,seed_use,Vetőmag-felhasználás,t,16967.0,Cereal_Supply_Balance.xlsx,19.1.1.21.,Triticale 2021,Seed consumption for sowing
2021,triticale,Tritikálé,cereals,total_resource,Összes forrás,t,444821.0,Cereal_Supply_Balance.xlsx,19.1.1.21.,Triticale 2021,Total resource
2021,triticale,Tritikálé,cereals,total_use,Összes felhasználás,t,444820.69999999995,Cereal_Supply_Balance.xlsx,19.1.1.21.,Triticale 2021,Total use
2021,triticale,Tritikálé,cereals,yield,Termésátlag,ha,4480.0,Cereal_Supply_Balance.xlsx,19.1.1.21.,Triticale 2021,"Average yield, kilogram/hectare"
2021,wheat,Búza,cereals,closing_stock,Zárókészlet,t,3620904.0,Cereal_Supply_Balance.xlsx,19.1.1.21.,Wheat 2021,Closing stock
2021,wheat,Búza,cereals,exports,Export,t,2638727.0,Cereal_Supply_Balance.xlsx,19.1.1.21.,Wheat 2021,Exports
2021,wheat,Búza,cereals,feed_use,Takarmányozás,t,68927.0,Cereal_Supply_Balance.xlsx,19.1.1.21.,Wheat 2021,fodder | – | – | – | – | –
2021,wheat,Búza,cereals,feed_use,Takarmányozás,t,1139363.0,Cereal_Supply_Balance.xlsx,19.1.1.21.,Wheat 2021,Feed consumption
2021,wheat,Búza,cereals,food_use,Élelmezési felhasználás,t,75118.8707607903,Cereal_Supply_Balance.xlsx,19.1.1.21.,Wheat 2021,for human consumption and for industrial purposes | – | – | – | – | –
2021,wheat,Búza,cereals,food_use,Élelmezési felhasználás,t,1394008.0,Cereal_Supply_Balance.xlsx,19.1.1.21.,Wheat 2021,domestic food consumption
2021,wheat,Búza,cereals,harvested_area,Betakarított terület,ha,892794.0,Cereal_Supply_Balance.xlsx,19.1.1.21.,Wheat 2021,"Harvested area, hectare"
2021,wheat,Búza,cereals,imports,Import,t,198300.0,Cereal_Supply_Balance.xlsx,19.1.1.21.,Wheat 2021,Imports
2021,wheat,Búza,cereals,industrial_use,Ipari felhasználás,t,1394008.0,Cereal_Supply_Balance.xlsx,19.1.1.21.,Wheat 2021,Industrial processing
2021,wheat,Búza,cereals,loss,Veszteség,t,26494.0,Cereal_Supply_Balance.xlsx,19.1.1.21.,Wheat 2021,Loss
2021,wheat,Búza,cereals,opening_stock,Nyitókészlet,t,3578805.0,Cereal_Supply_Balance.xlsx,19.1.1.21.,Wheat 2021,Initial stock
2021,wheat,Búza,cereals,procurement_price,Felvásárlási ár,huf_t,72548.0,Cereal_Supply_Balance.xlsx,19.1.1.21.,Wheat 2021,"Average procurement price, HUF per tonne | – | – | – | – | –"
2021,wheat,Búza,cereals,production,Termelés,t,5290141.0,Cereal_Supply_Balance.xlsx,19.1.1.21.,Wheat 2021,"Total harvested production, tonne"
2021,wheat,Búza,cereals,production,Termelés,t,5290141.0,Cereal_Supply_Balance.xlsx,19.1.1.21.,Wheat 2021,Total harvested production
2021,wheat,Búza,cereals,seed_use,Vetőmag-felhasználás,t,92253.5074296984,Cereal_Supply_Balance.xlsx,19.1.1.21.,Wheat 2021,seed for sowing | – | – | – | – | –
2021,wheat,Búza,cereals,seed_use,Vetőmag-felhasználás,t,247750.0,Cereal_Supply_Balance.xlsx,19.1.1.21.,Wheat 2021,Seed consumption for sowing
2021,wheat,Búza,cereals,total_resource,Összes forrás,t,9067246.0,Cereal_Supply_Balance.xlsx,19.1.1.21.,Wheat 2021,Total resource
2021,wheat,Búza,cereals,total_use,Összes felhasználás,t,9067246.0,Cereal_Supply_Balance.xlsx,19.1.1.21.,Wheat 2021,Total use
2021,wheat,Búza,cereals,yield,Termésátlag,ha,5930.0,Cereal_Supply_Balance.xlsx,19.1.1.21.,Wheat 2021,"Average yield, kilogram/hectare"
2021,peas,Borsó,field_crops,closing_stock,Zárókészlet,t,17526.0,Field_Crop_Supply_Balance.xlsx,19.1.1.22.,Peas 2021,"Closing stock, 31 December"
2021,peas,Borsó,field_crops,exports,Export,t,859.0,Field_Crop_Supply_Balance.xlsx,19.1.1.22.,Peas 2021,Direct exports
2021,peas,Borsó,field_crops,feed_use,Takarmányozás,t,94820.0,Field_Crop_Supply_Balance.xlsx,19.1.1.22.,Peas 2021,fodder | – | – | – | – | –
2021,peas,Borsó,field_crops,harvested_area,Betakarított terület,ha,12154.0,Field_Crop_Supply_Balance.xlsx,19.1.1.22.,Peas 2021,"Harvested area, hectare"
2021,peas,Borsó,field_crops,industrial_use,Ipari felhasználás,t,1625.0,Field_Crop_Supply_Balance.xlsx,19.1.1.22.,Peas 2021,Processing
2021,peas,Borsó,field_crops,intermediate_consumption,Folyó termelőfelhasználás,t,4274.0,Field_Crop_Supply_Balance.xlsx,19.1.1.22.,Peas 2021,Intermediate consumption
2021,peas,Borsó,field_crops,loss,Veszteség,t,477.0,Field_Crop_Supply_Balance.xlsx,19.1.1.22.,Peas 2021,Loss
2021,peas,Borsó,field_crops,market_price,Piaci ár,huf_kg,879.2,Field_Crop_Supply_Balance.xlsx,19.1.1.22.,Peas 2021,"Average market price, HUF per kilogram | .."
2021,peas,Borsó,field_crops,opening_stock,Nyitókészlet,t,17997.0,Field_Crop_Supply_Balance.xlsx,19.1.1.22.,Peas 2021,Initial stock
2021,peas,Borsó,field_crops,other_use,Egyéb felhasználás,t,9915.0,Field_Crop_Supply_Balance.xlsx,19.1.1.22.,Peas 2021,other sales
2021,peas,Borsó,field_crops,procurement_price,Felvásárlási ár,huf_t,163040.0,Field_Crop_Supply_Balance.xlsx,19.1.1.22.,Peas 2021,"Average procurement price, HUF per tonne"
2021,peas,Borsó,field_crops,production,Termelés,t,30233.0,Field_Crop_Supply_Balance.xlsx,19.1.1.22.,Peas 2021,"Total harvested production, tonne"
2021,peas,Borsó,field_crops,production,Termelés,t,30233.0,Field_Crop_Supply_Balance.xlsx,19.1.1.22.,Peas 2021,Total harvested production
2021,peas,Borsó,field_crops,seed_use,Vetőmag-felhasználás,t,193487.0,Field_Crop_Supply_Balance.xlsx,19.1.1.22.,Peas 2021,seed for sowing | – | – | ... | ... | ...
2021,peas,Borsó,field_crops,total_resource,Összes forrás,t,48230.0,Field_Crop_Supply_Balance.xlsx,19.1.1.22.,Peas 2021,Total resource
2021,peas,Borsó,field_crops,total_use,Összes felhasználás,t,48230.0,Field_Crop_Supply_Balance.xlsx,19.1.1.22.,Peas 2021,Total use
2021,peas,Borsó,field_crops,yield,Termésátlag,ha,2490.0,Field_Crop_Supply_Balance.xlsx,19.1.1.22.,Peas 2021,"Average yield, kilogram/hectare"
2021,potato,Burgonya,field_crops,closing_stock,Zárókészlet,t,232861.0,Field_Crop_Supply_Balance.xlsx,19.1.1.22.,Potatoes 2021,"Closing stock, 31 December"
2021,potato,Burgonya,field_crops,exports,Export,t,1115.0,Field_Crop_Supply_Balance.xlsx,19.1.1.22.,Potatoes 2021,Direct exports
2021,potato,Burgonya,field_crops,food_use,Élelmezési felhasználás,t,106122.0,Field_Crop_Supply_Balance.xlsx,19.1.1.22.,Potatoes 2021,"for human consumption and for industrial purposes, fodder"
2021,potato,Burgonya,field_crops,harvested_area,Betakarított terület,ha,8769.0,Field_Crop_Supply_Balance.xlsx,19.1.1.22.,Potatoes 2021,"Harvested area, hectare"
2021,potato,Burgonya,field_crops,industrial_use,Ipari felhasználás,t,806.0,Field_Crop_Supply_Balance.xlsx,19.1.1.22.,Potatoes 2021,Processing
2021,potato,Burgonya,field_crops,intermediate_consumption,Folyó termelőfelhasználás,t,10125.0,Field_Crop_Supply_Balance.xlsx,19.1.1.22.,Potatoes 2021,Intermediate consumption
2021,potato,Burgonya,field_crops,loss,Veszteség,t,5662.0,Field_Crop_Supply_Balance.xlsx,19.1.1.22.,Potatoes 2021,Loss
2021,potato,Burgonya,field_crops,market_price,Piaci ár,huf_kg,250.2,Field_Crop_Supply_Balance.xlsx,19.1.1.22.,Potatoes 2021,"Average market price, HUF per kilogram | .."
2021,potato,Burgonya,field_crops,opening_stock,Nyitókészlet,t,240036.0,Field_Crop_Supply_Balance.xlsx,19.1.1.22.,Potatoes 2021,Initial stock
2021,potato,Burgonya,field_crops,other_use,Egyéb felhasználás,t,128914.0,Field_Crop_Supply_Balance.xlsx,19.1.1.22.,Potatoes 2021,other sales
2021,potato,Burgonya,field_crops,procurement_price,Felvásárlási ár,huf_t,106122.0,Field_Crop_Supply_Balance.xlsx,19.1.1.22.,Potatoes 2021,"Average procurement price, HUF per tonne"
2021,potato,Burgonya,field_crops,production,Termelés,t,239840.0,Field_Crop_Supply_Balance.xlsx,19.1.1.22.,Potatoes 2021,"Total harvested production, tonne"
2021,potato,Burgonya,field_crops,production,Termelés,t,239840.0,Field_Crop_Supply_Balance.xlsx,19.1.1.22.,Potatoes 2021,Total harvested production
2021,potato,Burgonya,field_crops,total_resource,Összes forrás,t,479876.0,Field_Crop_Supply_Balance.xlsx,19.1.1.22.,Potatoes 2021,Total resource
2021,potato,Burgonya,field_crops,total_use,Összes felhasználás,t,479876.0,Field_Crop_Supply_Balance.xlsx,19.1.1.22.,Potatoes 2021,Total use
2021,potato,Burgonya,field_crops,yield,Termésátlag,ha,23990.0,Field_Crop_Supply_Balance.xlsx,19.1.1.22.,Potatoes 2021,"Average yield, kilogram/hectare"
2021,rapeseed,Repce,field_crops,closing_stock,Zárókészlet,t,143514.0,Field_Crop_Supply_Balance.xlsx,19.1.1.22.,Rape seed 2021,"Closing stock, 31 December"
2021,rapeseed,Repce,field_crops,exports,Export,t,6714.0,Field_Crop_Supply_Balance.xlsx,19.1.1.22.,Rape seed 2021,Direct exports
2021,rapeseed,Repce,field_crops,feed_use,Takarmányozás,t,173824.17781842,Field_Crop_Supply_Balance.xlsx,19.1.1.22.,Rape seed 2021,fodder | – | – | – | – | –
2021,rapeseed,Repce,field_crops,food_use,Élelmezési felhasználás,t,174662.654767384,Field_Crop_Supply_Balance.xlsx,19.1.1.22.,Rape seed 2021,"for human consumption and for industrial purposes, fodder"
2021,rapeseed,Repce,field_crops,harvested_area,Betakarított terület,ha,257535.0,Field_Crop_Supply_Balance.xlsx,19.1.1.22.,Rape seed 2021,"Harvested area, hectare"
2021,rapeseed,Repce,field_crops,industrial_use,Ipari felhasználás,t,4310.0,Field_Crop_Supply_Balance.xlsx,19.1.1.22.,Rape seed 2021,Processing
2021,rapeseed,Repce,field_crops,intermediate_consumption,Folyó termelőfelhasználás,t,3589.0,Field_Crop_Supply_Balance.xlsx,19.1.1.22.,Rape seed 2021,Intermediate consumption
2021,rapeseed,Repce,field_crops,loss,Veszteség,t,1245.0,Field_Crop_Supply_Balance.xlsx,19.1.1.22.,Rape seed 2021,Loss
2021,rapeseed,Repce,field_crops,opening_stock,Nyitókészlet,t,142919.0,Field_Crop_Supply_Balance.xlsx,19.1.1.22.,Rape seed 2021,Initial stock
2021,rapeseed,Repce,field_crops,other_use,Egyéb felhasználás,t,342653.0,Field_Crop_Supply_Balance.xlsx,19.1.1.22.,Rape seed 2021,other sales
2021,rapeseed,Repce,field_crops,procurement_price,Felvásárlási ár,huf_t,174896.0,Field_Crop_Supply_Balance.xlsx,19.1.1.22.,Rape seed 2021,"Average procurement price, HUF per tonne"
2021,rapeseed,Repce,field_crops,production,Termelés,t,734024.0,Field_Crop_Supply_Balance.xlsx,19.1.1.22.,Rape seed 2021,"Total harvested production, tonne"
2021,rapeseed,Repce,field_crops,production,Termelés,t,734024.0,Field_Crop_Supply_Balance.xlsx,19.1.1.22.,Rape seed 2021,Total harvested production
2021,rapeseed,Repce,field_crops,total_resource,Összes forrás,t,876943.0,Field_Crop_Supply_Balance.xlsx,19.1.1.22.,Rape seed 2021,Total resource
2021,rapeseed,Repce,field_crops,total_use,Összes felhasználás,t,876943.0,Field_Crop_Supply_Balance.xlsx,19.1.1.22.,Rape seed 2021,Total use
2021,rapeseed,Repce,field_crops,yield,Termésátlag,ha,2850.0,Field_Crop_Supply_Balance.xlsx,19.1.1.22.,Rape seed 2021,"Average yield, kilogram/hectare"
2021,soybean,Szója,field_crops,closing_stock,Zárókészlet,t,65447.0,Field_Crop_Supply_Balance.xlsx,19.1.1.22.,Soya-bean 2021,Closing stock | – | – | – | – | –
2021,soybean,Szója,field_crops,exports,Export,t,92863.0,Field_Crop_Supply_Balance.xlsx,19.1.1.22.,Soya-bean 2021,Exports | – | – | – | – | –
2021,soybean,Szója,field_crops,feed_use,Takarmányozás,t,23929.0,Field_Crop_Supply_Balance.xlsx,19.1.1.22.,Soya-bean 2021,Feed consumption | – | – | – | – | –
2021,soybean,Szója,field_crops,food_use,Élelmezési felhasználás,t,170255.0,Field_Crop_Supply_Balance.xlsx,19.1.1.22.,Soya-bean 2021,"for human consumption and for industrial purposes, fodder"
2021,soybean,Szója,field_crops,food_use,Élelmezési felhasználás,t,13167.0,Field_Crop_Supply_Balance.xlsx,19.1.1.22.,Soya-bean 2021,domestic food consumption | – | – | – | – | –
2021,soybean,Szója,field_crops,harvested_area,Betakarított terület,ha,62119.0,Field_Crop_Supply_Balance.xlsx,19.1.1.22.,Soya-bean 2021,"Harvested area, hectare"
2021,soybean,Szója,field_crops,imports,Import,t,128318.0,Field_Crop_Supply_Balance.xlsx,19.1.1.22.,Soya-bean 2021,Imports | – | – | – | – | –
2021,soybean,Szója,field_crops,industrial_use,Ipari felhasználás,t,100736.0,Field_Crop_Supply_Balance.xlsx,19.1.1.22.,Soya-bean 2021,Industrial processing | – | – | – | – | –
2021,soybean,Szója,field_crops,loss,Veszteség,t,518.0,Field_Crop_Supply_Balance.xlsx,19.1.1.22.,Soya-bean 2021,Loss | – | – | – | – | –
2021,soybean,Szója,field_crops,opening_stock,Nyitókészlet,t,98607.0,Field_Crop_Supply_Balance.xlsx,19.1.1.22.,Soya-bean 2021,Initial stock | – | – | – | – | –
2021,soybean,Szója,field_crops,other_use,Egyéb felhasználás,t,94357.0,Field_Crop_Supply_Balance.xlsx,19.1.1.22.,Soya-bean 2021,Other consumption | – | – | – | – | –
2021,soybean,Szója,field_crops,procurement_price,Felvásárlási ár,huf_t,172246.0,Field_Crop_Supply_Balance.xlsx,19.1.1.22.,Soya-bean 2021,"Average procurement price, HUF per tonne"
2021,soybean,Szója,field_crops,production,Termelés,t,156580.0,Field_Crop_Supply_Balance.xlsx,19.1.1.22.,Soya-bean 2021,"Total harvested production, tonne"
2021,soybean,Szója,field_crops,production,Termelés,t,156580.0,Field_Crop_Supply_Balance.xlsx,19.1.1.22.,Soya-bean 2021,Total harvested production | – | – | – | – | –
2021,soybean,Szója,field_crops,seed_use,Vetőmag-felhasználás,t,181419.0,Field_Crop_Supply_Balance.xlsx,19.1.1.22.,Soya-bean 2021,seed for sowing | – | – | ... | ... | ...
2021,soybean,Szója,field_crops,seed_use,Vetőmag-felhasználás,t,5655.0,Field_Crop_Supply_Balance.xlsx,19.1.1.22.,Soya-bean 2021,Seed consumption for sowing | – | – | – | – | –
2021,soybean,Szója,field_crops,total_resource,Összes forrás,t,383505.0,Field_Crop_Supply_Balance.xlsx,19.1.1.22.,Soya-bean 2021,Total resource | – | – | – | – | –
2021,soybean,Szója,field_crops,total_use,Összes felhasználás,t,383505.0,Field_Crop_Supply_Balance.xlsx,19.1.1.22.,Soya-bean 2021,Total use | – | – | – | – | –
2021,soybean,Szója,field_crops,yield,Termésátlag,ha,2520.0,Field_Crop_Supply_Balance.xlsx,19.1.1.22.,Soya-bean 2021,"Average yield, kilogram/hectare"
2021,sugar_beet,Cukorrépa,field_crops,closing_stock,Zárókészlet,t,148928.0,Field_Crop_Supply_Balance.xlsx,19.1.1.22.,Sugar beet 2021,"Closing stock, 31 December"
2021,sugar_beet,Cukorrépa,field_crops,exports,Export,t,12083.0,Field_Crop_Supply_Balance.xlsx,19.1.1.22.,Sugar beet 2021,Direct exports
2021,sugar_beet,Cukorrépa,field_crops,harvested_area,Betakarított terület,ha,12018.0,Field_Crop_Supply_Balance.xlsx,19.1.1.22.,Sugar beet 2021,"Harvested area, hectare"
2021,sugar_beet,Cukorrépa,field_crops,intermediate_consumption,Folyó termelőfelhasználás,t,1317.0,Field_Crop_Supply_Balance.xlsx,19.1.1.22.,Sugar beet 2021,Intermediate consumption
2021,sugar_beet,Cukorrépa,field_crops,loss,Veszteség,t,280.0,Field_Crop_Supply_Balance.xlsx,19.1.1.22.,Sugar beet 2021,Loss
2021,sugar_beet,Cukorrépa,field_crops,opening_stock,Nyitókészlet,t,131788.0,Field_Crop_Supply_Balance.xlsx,19.1.1.22.,Sugar beet 2021,Initial stock
2021,sugar_beet,Cukorrépa,field_crops,other_use,Egyéb felhasználás,t,119060.0,Field_Crop_Supply_Balance.xlsx,19.1.1.22.,Sugar beet 2021,other sales
2021,sugar_beet,Cukorrépa,field_crops,production,Termelés,t,678007.0,Field_Crop_Supply_Balance.xlsx,19.1.1.22.,Sugar beet 2021,"Total harvested production, tonne"
2021,sugar_beet,Cukorrépa,field_crops,production,Termelés,t,678007.0,Field_Crop_Supply_Balance.xlsx,19.1.1.22.,Sugar beet 2021,Total harvested production
2021,sugar_beet,Cukorrépa,field_crops,total_resource,Összes forrás,t,809795.0,Field_Crop_Supply_Balance.xlsx,19.1.1.22.,Sugar beet 2021,Total resource
2021,sugar_beet,Cukorrépa,field_crops,total_use,Összes felhasználás,t,809795.0,Field_Crop_Supply_Balance.xlsx,19.1.1.22.,Sugar beet 2021,Total use
2021,sugar_beet,Cukorrépa,field_crops,yield,Termésátlag,ha,56420.0,Field_Crop_Supply_Balance.xlsx,19.1.1.22.,Sugar beet 2021,"Average yield, kilogram/hectare"
2021,sunflower,Napraforgó,field_crops,closing_stock,Zárókészlet,t,681667.0,Field_Crop_Supply_Balance.xlsx,19.1.1.22.,Sunflower seed 2021,Closing stock | – | – | – | – | –
2021,sunflower,Napraforgó,field_crops,exports,Export,t,329279.0,Field_Crop_Supply_Balance.xlsx,19.1.1.22.,Sunflower seed 2021,Exports | – | – | – | – | –
2021,sunflower,Napraforgó,field_crops,feed_use,Takarmányozás,t,177273.0,Field_Crop_Supply_Balance.xlsx,19.1.1.22.,Sunflower seed 2021,fodder | – | – | – | – | –
2021,sunflower,Napraforgó,field_crops,feed_use,Takarmányozás,t,72278.0,Field_Crop_Supply_Balance.xlsx,19.1.1.22.,Sunflower seed 2021,Feed consumption | – | – | – | – | –
2021,sunflower,Napraforgó,field_crops,food_use,Élelmezési felhasználás,t,188170.0,Field_Crop_Supply_Balance.xlsx,19.1.1.22.,Sunflower seed 2021,for human consumption | – | – | – | – | –
2021,sunflower,Napraforgó,field_crops,food_use,Élelmezési felhasználás,t,104.0,Field_Crop_Supply_Balance.xlsx,19.1.1.22.,Sunflower seed 2021,Personal consumption | – | – | – | – | –
2021,sunflower,Napraforgó,field_crops,food_use,Élelmezési felhasználás,t,541896.0,Field_Crop_Supply_Balance.xlsx,19.1.1.22.,Sunflower seed 2021,domestic food consumption | – | – | – | – | –
2021,sunflower,Napraforgó,field_crops,harvested_area,Betakarított terület,ha,654693.0,Field_Crop_Supply_Balance.xlsx,19.1.1.22.,Sunflower seed 2021,"Harvested area, hectare"
2021,sunflower,Napraforgó,field_crops,imports,Import,t,248826.0,Field_Crop_Supply_Balance.xlsx,19.1.1.22.,Sunflower seed 2021,Imports | – | – | – | – | –
2021,sunflower,Napraforgó,field_crops,industrial_use,Ipari felhasználás,t,176389.0,Field_Crop_Supply_Balance.xlsx,19.1.1.22.,Sunflower seed 2021,for industrial purposes | – | – | – | – | –
2021,sunflower,Napraforgó,field_crops,industrial_use,Ipari felhasználás,t,1443653.0,Field_Crop_Supply_Balance.xlsx,19.1.1.22.,Sunflower seed 2021,Industrial processing | – | – | – | – | –
2021,sunflower,Napraforgó,field_crops,loss,Veszteség,t,8238.0,Field_Crop_Supply_Balance.xlsx,19.1.1.22.,Sunflower seed 2021,Loss | – | – | – | – | –
2021,sunflower,Napraforgó,field_crops,opening_stock,Nyitókészlet,t,535254.0,Field_Crop_Supply_Balance.xlsx,19.1.1.22.,Sunflower seed 2021,Initial stock | – | – | – | – | –
2021,sunflower,Napraforgó,field_crops,procurement_price,Felvásárlási ár,huf_t,177427.0,Field_Crop_Supply_Balance.xlsx,19.1.1.22.,Sunflower seed 2021,"Average procurement price, HUF per tonne"
2021,sunflower,Napraforgó,field_crops,production,Termelés,t,1757713.0,Field_Crop_Supply_Balance.xlsx,19.1.1.22.,Sunflower seed 2021,"Total harvested production, tonne"
2021,sunflower,Napraforgó,field_crops,production,Termelés,t,1757713.0,Field_Crop_Supply_Balance.xlsx,19.1.1.22.,Sunflower seed 2021,Total harvested production | – | – | – | – | –
2021,sunflower,Napraforgó,field_crops,seed_use,Vetőmag-felhasználás,t,479904.0,Field_Crop_Supply_Balance.xlsx,19.1.1.22.,Sunflower seed 2021,seed for sowing | – | – | ... | ... | ...
2021,sunflower,Napraforgó,field_crops,seed_use,Vetőmag-felhasználás,t,6574.0,Field_Crop_Supply_Balance.xlsx,19.1.1.22.,Sunflower seed 2021,Seed consumption for sowing | – | – | – | – | –
2021,sunflower,Napraforgó,field_crops,total_resource,Összes forrás,t,2541793.0,Field_Crop_Supply_Balance.xlsx,19.1.1.22.,Sunflower seed 2021,Total resource | – | – | – | – | –
2021,sunflower,Napraforgó,field_crops,total_use,Összes felhasználás,t,2541793.0,Field_Crop_Supply_Balance.xlsx,19.1.1.22.,Sunflower seed 2021,Total use | – | – | – | – | –
2021,sunflower,Napraforgó,field_crops,yield,Termésátlag,ha,2680.0,Field_Crop_Supply_Balance.xlsx,19.1.1.22.,Sunflower seed 2021,"Average yield, kilogram/hectare"
2022,barley,Árpa,cereals,closing_stock,Zárókészlet,t,437933.0,Cereal_Supply_Balance.xlsx,19.1.1.21.,Barley 2022,Closing stock
2022,barley,Árpa,cereals,exports,Export,t,576015.0,Cereal_Supply_Balance.xlsx,19.1.1.21.,Barley 2022,Exports
2022,barley,Árpa,cereals,feed_use,Takarmányozás,t,107120.0,Cereal_Supply_Balance.xlsx,19.1.1.21.,Barley 2022,fodder | – | – | – | – | –
2022,barley,Árpa,cereals,feed_use,Takarmányozás,t,755272.0,Cereal_Supply_Balance.xlsx,19.1.1.21.,Barley 2022,Feed consumption
2022,barley,Árpa,cereals,food_use,Élelmezési felhasználás,t,117884.0,Cereal_Supply_Balance.xlsx,19.1.1.21.,Barley 2022,for human consumption and for industrial purposes | – | – | – | – | –
2022,barley,Árpa,cereals,food_use,Élelmezési felhasználás,t,20495.0,Cereal_Supply_Balance.xlsx,19.1.1.21.,Barley 2022,domestic food consumption
2022,barley,Árpa,cereals,harvested_area,Betakarított terület,ha,330796.0,Cereal_Supply_Balance.xlsx,19.1.1.21.,Barley 2022,"Harvested area, hectare"
2022,barley,Árpa,cereals,imports,Import,t,32797.0,Cereal_Supply_Balance.xlsx,19.1.1.21.,Barley 2022,Imports
2022,barley,Árpa,cereals,industrial_use,Ipari felhasználás,t,110874.0,Cereal_Supply_Balance.xlsx,19.1.1.21.,Barley 2022,Industrial processing
2022,barley,Árpa,cereals,loss,Veszteség,t,11989.0,Cereal_Supply_Balance.xlsx,19.1.1.21.,Barley 2022,Loss
2022,barley,Árpa,cereals,opening_stock,Nyitókészlet,t,372679.0,Cereal_Supply_Balance.xlsx,19.1.1.21.,Barley 2022,Initial stock
2022,barley,Árpa,cereals,procurement_price,Felvásárlási ár,huf_t,107755.0,Cereal_Supply_Balance.xlsx,19.1.1.21.,Barley 2022,"Average procurement price, HUF per tonne | – | – | – | – | –"
2022,barley,Árpa,cereals,production,Termelés,t,1590736.0,Cereal_Supply_Balance.xlsx,19.1.1.21.,Barley 2022,"Total harvested production, tonne"
2022,barley,Árpa,cereals,production,Termelés,t,1590736.0,Cereal_Supply_Balance.xlsx,19.1.1.21.,Barley 2022,Total harvested production
2022,barley,Árpa,cereals,seed_use,Vetőmag-felhasználás,t,145968.0,Cereal_Supply_Balance.xlsx,19.1.1.21.,Barley 2022,seed for sowing | – | – | – | – | –
2022,barley,Árpa,cereals,seed_use,Vetőmag-felhasználás,t,104129.0,Cereal_Supply_Balance.xlsx,19.1.1.21.,Barley 2022,Seed consumption for sowing
2022,barley,Árpa,cereals,total_resource,Összes forrás,t,1996212.0,Cereal_Supply_Balance.xlsx,19.1.1.21.,Barley 2022,Total resource
2022,barley,Árpa,cereals,total_use,Összes felhasználás,t,1996212.0,Cereal_Supply_Balance.xlsx,19.1.1.21.,Barley 2022,Total use
2022,barley,Árpa,cereals,yield,Termésátlag,ha,4810.0,Cereal_Supply_Balance.xlsx,19.1.1.21.,Barley 2022,"Average yield, kilogram/hectare"
2022,cereals_total,Gabonafélék összesen,cereals,closing_stock,Zárókészlet,t,7880747.0,Cereal_Supply_Balance.xlsx,19.1.1.21.,"Cereals, total 2022",Closing stock
2022,cereals_total,Gabonafélék összesen,cereals,exports,Export,t,4760245.0,Cereal_Supply_Balance.xlsx,19.1.1.21.,"Cereals, total 2022",Exports
2022,cereals_total,Gabonafélék összesen,cereals,feed_use,Takarmányozás,t,4694504.0,Cereal_Supply_Balance.xlsx,19.1.1.21.,"Cereals, total 2022",Feed consumption
2022,cereals_total,Gabonafélék összesen,cereals,food_use,Élelmezési felhasználás,t,1795819.0,Cereal_Supply_Balance.xlsx,19.1.1.21.,"Cereals, total 2022",domestic food consumption
2022,cereals_total,Gabonafélék összesen,cereals,harvested_area,Betakarított terület,ha,2247100.0,Cereal_Supply_Balance.xlsx,19.1.1.21.,"Cereals, total 2022","Harvested area, hectare"
2022,cereals_total,Gabonafélék összesen,cereals,imports,Import,t,2276054.0,Cereal_Supply_Balance.xlsx,19.1.1.21.,"Cereals, total 2022",Imports
2022,cereals_total,Gabonafélék összesen,cereals,industrial_use,Ipari felhasználás,t,3914101.0,Cereal_Supply_Balance.xlsx,19.1.1.21.,"Cereals, total 2022",Industrial processing
2022,cereals_total,Gabonafélék összesen,cereals,loss,Veszteség,t,135079.0,Cereal_Supply_Balance.xlsx,19.1.1.21.,"Cereals, total 2022",Loss
2022,cereals_total,Gabonafélék összesen,cereals,opening_stock,Nyitókészlet,t,10469811.999999996,Cereal_Supply_Balance.xlsx,19.1.1.21.,"Cereals, total 2022",Initial stock
2022,cereals_total,Gabonafélék összesen,cereals,other_use,Egyéb felhasználás,t,1335.0,Cereal_Supply_Balance.xlsx,19.1.1.21.,"Cereals, total 2022",Other consumption
2022,cereals_total,Gabonafélék összesen,cereals,production,Termelés,t,9076817.0,Cereal_Supply_Balance.xlsx,19.1.1.21.,"Cereals, total 2022","Total harvested production, tonne"
2022,cereals_total,Gabonafélék összesen,cereals,production,Termelés,t,9076817.0,Cereal_Supply_Balance.xlsx,19.1.1.21.,"Cereals, total 2022",Total harvested production
2022,cereals_total,Gabonafélék összesen,cereals,seed_use,Vetőmag-felhasználás,t,436672.0,Cereal_Supply_Balance.xlsx,19.1.1.21.,"Cereals, total 2022",Seed consumption for sowing
2022,cereals_total,Gabonafélék összesen,cereals,total_resource,Összes forrás,t,21822682.999999996,Cereal_Supply_Balance.xlsx,19.1.1.21.,"Cereals, total 2022",Total resource
2022,cereals_total,Gabonafélék összesen,cereals,total_use,Összes felhasználás,t,21822682.999999996,Cereal_Supply_Balance.xlsx,19.1.1.21.,"Cereals, total 2022",Total use
2022,cereals_total,Gabonafélék összesen,cereals,yield,Termésátlag,ha,4040.0,Cereal_Supply_Balance.xlsx,19.1.1.21.,"Cereals, total 2022","Average yield, kilogram/hectare"
2022,maize,Kukorica,cereals,closing_stock,Zárókészlet,t,3764968.0,Cereal_Supply_Balance.xlsx,19.1.1.21.,Maize 2022,Closing stock
2022,maize,Kukorica,cereals,exports,Export,t,2054010.0,Cereal_Supply_Balance.xlsx,19.1.1.21.,Maize 2022,Exports
2022,maize,Kukorica,cereals,feed_use,Takarmányozás,t,111979.0,Cereal_Supply_Balance.xlsx,19.1.1.21.,Maize 2022,fodder | – | – | – | – | –
2022,maize,Kukorica,cereals,feed_use,Takarmányozás,t,2393815.0,Cereal_Supply_Balance.xlsx,19.1.1.21.,Maize 2022,Feed consumption
2022,maize,Kukorica,cereals,food_use,Élelmezési felhasználás,t,108452.0,Cereal_Supply_Balance.xlsx,19.1.1.21.,Maize 2022,for human consumption and for industrial purposes | – | – | – | – | –
2022,maize,Kukorica,cereals,food_use,Élelmezési felhasználás,t,319853.0,Cereal_Supply_Balance.xlsx,19.1.1.21.,Maize 2022,domestic food consumption
2022,maize,Kukorica,cereals,harvested_area,Betakarított terület,ha,816643.0,Cereal_Supply_Balance.xlsx,19.1.1.21.,Maize 2022,"Harvested area, hectare"
2022,maize,Kukorica,cereals,imports,Import,t,1673453.0,Cereal_Supply_Balance.xlsx,19.1.1.21.,Maize 2022,Imports
2022,maize,Kukorica,cereals,industrial_use,Ipari felhasználás,t,2345756.0,Cereal_Supply_Balance.xlsx,19.1.1.21.,Maize 2022,Industrial processing
2022,maize,Kukorica,cereals,loss,Veszteség,t,60958.0,Cereal_Supply_Balance.xlsx,19.1.1.21.,Maize 2022,Loss
2022,maize,Kukorica,cereals,opening_stock,Nyitókészlet,t,6193329.0,Cereal_Supply_Balance.xlsx,19.1.1.21.,Maize 2022,Initial stock
2022,maize,Kukorica,cereals,procurement_price,Felvásárlási ár,huf_t,113683.0,Cereal_Supply_Balance.xlsx,19.1.1.21.,Maize 2022,"Average procurement price, HUF per tonne | – | – | – | – | –"
2022,maize,Kukorica,cereals,production,Termelés,t,2781774.0,Cereal_Supply_Balance.xlsx,19.1.1.21.,Maize 2022,"Total harvested production, tonne"
2022,maize,Kukorica,cereals,production,Termelés,t,2781774.0,Cereal_Supply_Balance.xlsx,19.1.1.21.,Maize 2022,Total harvested production
2022,maize,Kukorica,cereals,seed_use,Vetőmag-felhasználás,t,467644.0,Cereal_Supply_Balance.xlsx,19.1.1.21.,Maize 2022,seed for sowing | – | – | – | – | –
2022,maize,Kukorica,cereals,seed_use,Vetőmag-felhasználás,t,29049.0,Cereal_Supply_Balance.xlsx,19.1.1.21.,Maize 2022,Seed consumption for sowing
2022,maize,Kukorica,cereals,total_resource,Összes forrás,t,10648556.0,Cereal_Supply_Balance.xlsx,19.1.1.21.,Maize 2022,Total resource
2022,maize,Kukorica,cereals,total_use,Összes felhasználás,t,10648556.0,Cereal_Supply_Balance.xlsx,19.1.1.21.,Maize 2022,Total use
2022,maize,Kukorica,cereals,yield,Termésátlag,ha,3410.0,Cereal_Supply_Balance.xlsx,19.1.1.21.,Maize 2022,"Average yield, kilogram/hectare"
2022,oats,Zab,cereals,closing_stock,Zárókészlet,t,14516.0,Cereal_Supply_Balance.xlsx,19.1.1.21.,Oats 2022,Closing stock
2022,oats,Zab,cereals,exports,Export,t,7348.0,Cereal_Supply_Balance.xlsx,19.1.1.21.,Oats 2022,Exports
2022,oats,Zab,cereals,feed_use,Takarmányozás,t,109871.0,Cereal_Supply_Balance.xlsx,19.1.1.21.,Oats 2022,fodder | – | – | – | – | –
2022,oats,Zab,cereals,feed_use,Takarmányozás,t,58311.0,Cereal_Supply_Balance.xlsx,19.1.1.21.,Oats 2022,Feed consumption
2022,oats,Zab,cereals,food_use,Élelmezési felhasználás,t,2079.0,Cereal_Supply_Balance.xlsx,19.1.1.21.,Oats 2022,domestic food consumption
2022,oats,Zab,cereals,harvested_area,Betakarított terület,ha,16897.0,Cereal_Supply_Balance.xlsx,19.1.1.21.,Oats 2022,"Harvested area, hectare"
2022,oats,Zab,cereals,imports,Import,t,6666.0,Cereal_Supply_Balance.xlsx,19.1.1.21.,Oats 2022,Imports
2022,oats,Zab,cereals,industrial_use,Ipari felhasználás,t,4079.0,Cereal_Supply_Balance.xlsx,19.1.1.21.,Oats 2022,Industrial processing
2022,oats,Zab,cereals,loss,Veszteség,t,404.0,Cereal_Supply_Balance.xlsx,19.1.1.21.,Oats 2022,Loss
2022,oats,Zab,cereals,opening_stock,Nyitókészlet,t,44494.0,Cereal_Supply_Balance.xlsx,19.1.1.21.,Oats 2022,Initial stock
2022,oats,Zab,cereals,procurement_price,Felvásárlási ár,huf_t,109982.0,Cereal_Supply_Balance.xlsx,19.1.1.21.,Oats 2022,"Average procurement price, HUF per tonne | – | – | – | – | –"
2022,oats,Zab,cereals,production,Termelés,t,38387.0,Cereal_Supply_Balance.xlsx,19.1.1.21.,Oats 2022,"Total harvested production, tonne"
2022,oats,Zab,cereals,production,Termelés,t,38387.0,Cereal_Supply_Balance.xlsx,19.1.1.21.,Oats 2022,Total harvested production
2022,oats,Zab,cereals,seed_use,Vetőmag-felhasználás,t,136683.0,Cereal_Supply_Balance.xlsx,19.1.1.21.,Oats 2022,seed for sowing | – | – | – | – | –
2022,oats,Zab,cereals,seed_use,Vetőmag-felhasználás,t,4889.0,Cereal_Supply_Balance.xlsx,19.1.1.21.,Oats 2022,Seed consumption for sowing
2022,oats,Zab,cereals,total_resource,Összes forrás,t,89547.0,Cereal_Supply_Balance.xlsx,19.1.1.21.,Oats 2022,Total resource
2022,oats,Zab,cereals,total_use,Összes felhasználás,t,89547.0,Cereal_Supply_Balance.xlsx,19.1.1.21.,Oats 2022,Total use
2022,oats,Zab,cereals,yield,Termésátlag,ha,2270.0,Cereal_Supply_Balance.xlsx,19.1.1.21.,Oats 2022,"Average yield, kilogram/hectare"
2022,rice,Rizs,cereals,closing_stock,Zárókészlet,t,6371.0,Cereal_Supply_Balance.xlsx,19.1.1.21.,Rice 2022,Closing stock
2022,rice,Rizs,cereals,exports,Export,t,6748.0,Cereal_Supply_Balance.xlsx,19.1.1.21.,Rice 2022,Exports
2022,rice,Rizs,cereals,food_use,Élelmezési felhasználás,t,169834.0,Cereal_Supply_Balance.xlsx,19.1.1.21.,Rice 2022,for human consumption and for industrial purposes | – | – | – | – | –
2022,rice,Rizs,cereals,food_use,Élelmezési felhasználás,t,66874.0,Cereal_Supply_Balance.xlsx,19.1.1.21.,Rice 2022,domestic food consumption
2022,rice,Rizs,cereals,harvested_area,Betakarított terület,ha,2325.0,Cereal_Supply_Balance.xlsx,19.1.1.21.,Rice 2022,"Harvested area, hectare"
2022,rice,Rizs,cereals,imports,Import,t,67155.0,Cereal_Supply_Balance.xlsx,19.1.1.21.,Rice 2022,Imports
2022,rice,Rizs,cereals,industrial_use,Ipari felhasználás,t,66874.0,Cereal_Supply_Balance.xlsx,19.1.1.21.,Rice 2022,Industrial processing
2022,rice,Rizs,cereals,loss,Veszteség,t,1598.0,Cereal_Supply_Balance.xlsx,19.1.1.21.,Rice 2022,Loss
2022,rice,Rizs,cereals,opening_stock,Nyitókészlet,t,4686.0,Cereal_Supply_Balance.xlsx,19.1.1.21.,Rice 2022,Initial stock
2022,rice,Rizs,cereals,procurement_price,Felvásárlási ár,huf_t,169834.0,Cereal_Supply_Balance.xlsx,19.1.1.21.,Rice 2022,"Average procurement price, HUF per tonne | – | – | – | – | –"
2022,rice,Rizs,cereals,production,Termelés,t,10146.0,Cereal_Supply_Balance.xlsx,19.1.1.21.,Rice 2022,"Total harvested production, tonne"
2022,rice,Rizs,cereals,production,Termelés,t,10146.0,Cereal_Supply_Balance.xlsx,19.1.1.21.,Rice 2022,Total harvested production
2022,rice,Rizs,cereals,seed_use,Vetőmag-felhasználás,t,396.0,Cereal_Supply_Balance.xlsx,19.1.1.21.,Rice 2022,Seed consumption for sowing
2022,rice,Rizs,cereals,total_resource,Összes forrás,t,81987.0,Cereal_Supply_Balance.xlsx,19.1.1.21.,Rice 2022,Total resource
2022,rice,Rizs,cereals,total_use,Összes felhasználás,t,81987.0,Cereal_Supply_Balance.xlsx,19.1.1.21.,Rice 2022,Total use
2022,rice,Rizs,cereals,yield,Termésátlag,ha,4360.0,Cereal_Supply_Balance.xlsx,19.1.1.21.,Rice 2022,"Average yield, kilogram/hectare"
2022,rye,Rozs,cereals,closing_stock,Zárókészlet,t,21410.0,Cereal_Supply_Balance.xlsx,19.1.1.21.,Rye 2022,Closing stock
2022,rye,Rozs,cereals,exports,Export,t,9502.0,Cereal_Supply_Balance.xlsx,19.1.1.21.,Rye 2022,Exports
2022,rye,Rozs,cereals,feed_use,Takarmányozás,t,112668.0,Cereal_Supply_Balance.xlsx,19.1.1.21.,Rye 2022,fodder | – | – | – | – | –
2022,rye,Rozs,cereals,feed_use,Takarmányozás,t,62430.0,Cereal_Supply_Balance.xlsx,19.1.1.21.,Rye 2022,Feed consumption
2022,rye,Rozs,cereals,food_use,Élelmezési felhasználás,t,115647.0,Cereal_Supply_Balance.xlsx,19.1.1.21.,Rye 2022,for human consumption and for industrial purposes | – | – | – | – | –
2022,rye,Rozs,cereals,food_use,Élelmezési felhasználás,t,12592.0,Cereal_Supply_Balance.xlsx,19.1.1.21.,Rye 2022,domestic food consumption
2022,rye,Rozs,cereals,harvested_area,Betakarított terület,ha,20089.0,Cereal_Supply_Balance.xlsx,19.1.1.21.,Rye 2022,"Harvested area, hectare"
2022,rye,Rozs,cereals,imports,Import,t,7499.0,Cereal_Supply_Balance.xlsx,19.1.1.21.,Rye 2022,Imports
2022,rye,Rozs,cereals,industrial_use,Ipari felhasználás,t,12592.0,Cereal_Supply_Balance.xlsx,19.1.1.21.,Rye 2022,Industrial processing
2022,rye,Rozs,cereals,loss,Veszteség,t,1148.0,Cereal_Supply_Balance.xlsx,19.1.1.21.,Rye 2022,Loss
2022,rye,Rozs,cereals,opening_stock,Nyitókészlet,t,49598.0,Cereal_Supply_Balance.xlsx,19.1.1.21.,Rye 2022,Initial stock
2022,rye,Rozs,cereals,procurement_price,Felvásárlási ár,huf_t,115942.0,Cereal_Supply_Balance.xlsx,19.1.1.21.,Rye 2022,"Average procurement price, HUF per tonne | – | – | – | – | –"
2022,rye,Rozs,cereals,production,Termelés,t,59156.0,Cereal_Supply_Balance.xlsx,19.1.1.21.,Rye 2022,"Total harvested production, tonne"
2022,rye,Rozs,cereals,production,Termelés,t,59156.0,Cereal_Supply_Balance.xlsx,19.1.1.21.,Rye 2022,Total harvested production
2022,rye,Rozs,cereals,seed_use,Vetőmag-felhasználás,t,198912.0,Cereal_Supply_Balance.xlsx,19.1.1.21.,Rye 2022,seed for sowing | – | – | – | – | –
2022,rye,Rozs,cereals,seed_use,Vetőmag-felhasználás,t,9171.0,Cereal_Supply_Balance.xlsx,19.1.1.21.,Rye 2022,Seed consumption for sowing
2022,rye,Rozs,cereals,total_resource,Összes forrás,t,116253.0,Cereal_Supply_Balance.xlsx,19.1.1.21.,Rye 2022,Total resource
2022,rye,Rozs,cereals,total_use,Összes felhasználás,t,116253.0,Cereal_Supply_Balance.xlsx,19.1.1.21.,Rye 2022,Total use
2022,rye,Rozs,cereals,yield,Termésátlag,ha,2940.0,Cereal_Supply_Balance.xlsx,19.1.1.21.,Rye 2022,"Average yield, kilogram/hectare"
2022,triticale,Tritikálé,cereals,closing_stock,Zárókészlet,t,60379.0,Cereal_Supply_Balance.xlsx,19.1.1.21.,Triticale 2022,Closing stock
2022,triticale,Tritikálé,cereals,exports,Export,t,5401.0,Cereal_Supply_Balance.xlsx,19.1.1.21.,Triticale 2022,Exports
2022,triticale,Tritikálé,cereals,feed_use,Takarmányozás,t,115881.0,Cereal_Supply_Balance.xlsx,19.1.1.21.,Triticale 2022,fodder | – | – | – | – | –
2022,triticale,Tritikálé,cereals,feed_use,Takarmányozás,t,228873.0,Cereal_Supply_Balance.xlsx,19.1.1.21.,Triticale 2022,Feed consumption
2022,triticale,Tritikálé,cereals,food_use,Élelmezési felhasználás,t,122194.0,Cereal_Supply_Balance.xlsx,19.1.1.21.,Triticale 2022,for human consumption and for industrial purposes | – | – | – | – | –
2022,triticale,Tritikálé,cereals,food_use,Élelmezési felhasználás,t,3111.0,Cereal_Supply_Balance.xlsx,19.1.1.21.,Triticale 2022,domestic food consumption
2022,triticale,Tritikálé,cereals,harvested_area,Betakarított terület,ha,55342.0,Cereal_Supply_Balance.xlsx,19.1.1.21.,Triticale 2022,"Harvested area, hectare"
2022,triticale,Tritikálé,cereals,imports,Import,t,571.0,Cereal_Supply_Balance.xlsx,19.1.1.21.,Triticale 2022,Imports
2022,triticale,Tritikálé,cereals,industrial_use,Ipari felhasználás,t,3111.0,Cereal_Supply_Balance.xlsx,19.1.1.21.,Triticale 2022,Industrial processing
2022,triticale,Tritikálé,cereals,loss,Veszteség,t,1001.0,Cereal_Supply_Balance.xlsx,19.1.1.21.,Triticale 2022,Loss
2022,triticale,Tritikálé,cereals,opening_stock,Nyitókészlet,t,133058.0,Cereal_Supply_Balance.xlsx,19.1.1.21.,Triticale 2022,Initial stock
2022,triticale,Tritikálé,cereals,procurement_price,Felvásárlási ár,huf_t,117884.0,Cereal_Supply_Balance.xlsx,19.1.1.21.,Triticale 2022,"Average procurement price, HUF per tonne | – | – | – | – | –"
2022,triticale,Tritikálé,cereals,production,Termelés,t,186480.0,Cereal_Supply_Balance.xlsx,19.1.1.21.,Triticale 2022,"Total harvested production, tonne"
2022,triticale,Tritikálé,cereals,production,Termelés,t,186480.0,Cereal_Supply_Balance.xlsx,19.1.1.21.,Triticale 2022,Total harvested production
2022,triticale,Tritikálé,cereals,seed_use,Vetőmag-felhasználás,t,209900.0,Cereal_Supply_Balance.xlsx,19.1.1.21.,Triticale 2022,seed for sowing | – | – | – | – | –
2022,triticale,Tritikálé,cereals,seed_use,Vetőmag-felhasználás,t,21344.0,Cereal_Supply_Balance.xlsx,19.1.1.21.,Triticale 2022,Seed consumption for sowing
2022,triticale,Tritikálé,cereals,total_resource,Összes forrás,t,320109.0,Cereal_Supply_Balance.xlsx,19.1.1.21.,Triticale 2022,Total resource
2022,triticale,Tritikálé,cereals,total_use,Összes felhasználás,t,320109.0,Cereal_Supply_Balance.xlsx,19.1.1.21.,Triticale 2022,Total use
2022,triticale,Tritikálé,cereals,yield,Termésátlag,ha,3370.0,Cereal_Supply_Balance.xlsx,19.1.1.21.,Triticale 2022,"Average yield, kilogram/hectare"
2022,wheat,Búza,cereals,closing_stock,Zárókészlet,t,3560943.0,Cereal_Supply_Balance.xlsx,19.1.1.21.,Wheat 2022,Closing stock
2022,wheat,Búza,cereals,exports,Export,t,2058808.0,Cereal_Supply_Balance.xlsx,19.1.1.21.,Wheat 2022,Exports
2022,wheat,Búza,cereals,feed_use,Takarmányozás,t,124678.0,Cereal_Supply_Balance.xlsx,19.1.1.21.,Wheat 2022,fodder | – | – | – | – | –
2022,wheat,Búza,cereals,feed_use,Takarmányozás,t,1143920.0,Cereal_Supply_Balance.xlsx,19.1.1.21.,Wheat 2022,Feed consumption
2022,wheat,Búza,cereals,food_use,Élelmezési felhasználás,t,131687.0,Cereal_Supply_Balance.xlsx,19.1.1.21.,Wheat 2022,for human consumption and for industrial purposes | – | – | – | – | –
2022,wheat,Búza,cereals,food_use,Élelmezési felhasználás,t,1372100.0,Cereal_Supply_Balance.xlsx,19.1.1.21.,Wheat 2022,domestic food consumption
2022,wheat,Búza,cereals,harvested_area,Betakarított terület,ha,979011.0,Cereal_Supply_Balance.xlsx,19.1.1.21.,Wheat 2022,"Harvested area, hectare"
2022,wheat,Búza,cereals,imports,Import,t,482535.0,Cereal_Supply_Balance.xlsx,19.1.1.21.,Wheat 2022,Imports
2022,wheat,Búza,cereals,industrial_use,Ipari felhasználás,t,1372100.0,Cereal_Supply_Balance.xlsx,19.1.1.21.,Wheat 2022,Industrial processing
2022,wheat,Búza,cereals,loss,Veszteség,t,56122.0,Cereal_Supply_Balance.xlsx,19.1.1.21.,Wheat 2022,Loss
2022,wheat,Búza,cereals,opening_stock,Nyitókészlet,t,3620904.0,Cereal_Supply_Balance.xlsx,19.1.1.21.,Wheat 2022,Initial stock
2022,wheat,Búza,cereals,procurement_price,Felvásárlási ár,huf_t,128969.0,Cereal_Supply_Balance.xlsx,19.1.1.21.,Wheat 2022,"Average procurement price, HUF per tonne | – | – | – | – | –"
2022,wheat,Búza,cereals,production,Termelés,t,4354708.0,Cereal_Supply_Balance.xlsx,19.1.1.21.,Wheat 2022,"Total harvested production, tonne"
2022,wheat,Búza,cereals,production,Termelés,t,4354708.0,Cereal_Supply_Balance.xlsx,19.1.1.21.,Wheat 2022,Total harvested production
2022,wheat,Búza,cereals,seed_use,Vetőmag-felhasználás,t,186206.0,Cereal_Supply_Balance.xlsx,19.1.1.21.,Wheat 2022,seed for sowing | – | – | – | – | –
2022,wheat,Búza,cereals,seed_use,Vetőmag-felhasználás,t,266254.0,Cereal_Supply_Balance.xlsx,19.1.1.21.,Wheat 2022,Seed consumption for sowing
2022,wheat,Búza,cereals,total_resource,Összes forrás,t,8458147.0,Cereal_Supply_Balance.xlsx,19.1.1.21.,Wheat 2022,Total resource
2022,wheat,Búza,cereals,total_use,Összes felhasználás,t,8458147.0,Cereal_Supply_Balance.xlsx,19.1.1.21.,Wheat 2022,Total use
2022,wheat,Búza,cereals,yield,Termésátlag,ha,4450.0,Cereal_Supply_Balance.xlsx,19.1.1.21.,Wheat 2022,"Average yield, kilogram/hectare"
2022,peas,Borsó,field_crops,closing_stock,Zárókészlet,t,15029.0,Field_Crop_Supply_Balance.xlsx,19.1.1.22.,Peas 2022,"Closing stock, 31 December"
2022,peas,Borsó,field_crops,exports,Export,t,4299.0,Field_Crop_Supply_Balance.xlsx,19.1.1.22.,Peas 2022,Direct exports
2022,peas,Borsó,field_crops,feed_use,Takarmányozás,t,116414.0,Field_Crop_Supply_Balance.xlsx,19.1.1.22.,Peas 2022,fodder | – | – | – | – | –
2022,peas,Borsó,field_crops,harvested_area,Betakarított terület,ha,10847.0,Field_Crop_Supply_Balance.xlsx,19.1.1.22.,Peas 2022,"Harvested area, hectare"
2022,peas,Borsó,field_crops,industrial_use,Ipari felhasználás,t,4936.0,Field_Crop_Supply_Balance.xlsx,19.1.1.22.,Peas 2022,Processing
2022,peas,Borsó,field_crops,intermediate_consumption,Folyó termelőfelhasználás,t,5178.0,Field_Crop_Supply_Balance.xlsx,19.1.1.22.,Peas 2022,Intermediate consumption
2022,peas,Borsó,field_crops,loss,Veszteség,t,345.0,Field_Crop_Supply_Balance.xlsx,19.1.1.22.,Peas 2022,Loss
2022,peas,Borsó,field_crops,market_price,Piaci ár,huf_kg,1056.0,Field_Crop_Supply_Balance.xlsx,19.1.1.22.,Peas 2022,"Average market price, HUF per kilogram | .."
2022,peas,Borsó,field_crops,opening_stock,Nyitókészlet,t,17526.0,Field_Crop_Supply_Balance.xlsx,19.1.1.22.,Peas 2022,Initial stock
2022,peas,Borsó,field_crops,other_use,Egyéb felhasználás,t,1456.0,Field_Crop_Supply_Balance.xlsx,19.1.1.22.,Peas 2022,other sales
2022,peas,Borsó,field_crops,procurement_price,Felvásárlási ár,huf_t,159239.0,Field_Crop_Supply_Balance.xlsx,19.1.1.22.,Peas 2022,"Average procurement price, HUF per tonne"
2022,peas,Borsó,field_crops,production,Termelés,t,24356.0,Field_Crop_Supply_Balance.xlsx,19.1.1.22.,Peas 2022,"Total harvested production, tonne"
2022,peas,Borsó,field_crops,production,Termelés,t,24356.0,Field_Crop_Supply_Balance.xlsx,19.1.1.22.,Peas 2022,Total harvested production
2022,peas,Borsó,field_crops,seed_use,Vetőmag-felhasználás,t,207512.0,Field_Crop_Supply_Balance.xlsx,19.1.1.22.,Peas 2022,seed for sowing | – | – | ... | ... | ...
2022,peas,Borsó,field_crops,total_resource,Összes forrás,t,41882.0,Field_Crop_Supply_Balance.xlsx,19.1.1.22.,Peas 2022,Total resource
2022,peas,Borsó,field_crops,total_use,Összes felhasználás,t,41882.0,Field_Crop_Supply_Balance.xlsx,19.1.1.22.,Peas 2022,Total use
2022,peas,Borsó,field_crops,yield,Termésátlag,ha,2250.0,Field_Crop_Supply_Balance.xlsx,19.1.1.22.,Peas 2022,"Average yield, kilogram/hectare"
2022,potato,Burgonya,field_crops,closing_stock,Zárókészlet,t,226348.0,Field_Crop_Supply_Balance.xlsx,19.1.1.22.,Potatoes 2022,"Closing stock, 31 December"
2022,potato,Burgonya,field_crops,exports,Export,t,2268.0,Field_Crop_Supply_Balance.xlsx,19.1.1.22.,Potatoes 2022,Direct exports
2022,potato,Burgonya,field_crops,food_use,Élelmezési felhasználás,t,134526.0,Field_Crop_Supply_Balance.xlsx,19.1.1.22.,Potatoes 2022,"for human consumption and for industrial purposes, fodder"
2022,potato,Burgonya,field_crops,harvested_area,Betakarított terület,ha,8193.0,Field_Crop_Supply_Balance.xlsx,19.1.1.22.,Potatoes 2022,"Harvested area, hectare"
2022,potato,Burgonya,field_crops,industrial_use,Ipari felhasználás,t,2169.0,Field_Crop_Supply_Balance.xlsx,19.1.1.22.,Potatoes 2022,Processing
2022,potato,Burgonya,field_crops,intermediate_consumption,Folyó termelőfelhasználás,t,8386.0,Field_Crop_Supply_Balance.xlsx,19.1.1.22.,Potatoes 2022,Intermediate consumption
2022,potato,Burgonya,field_crops,loss,Veszteség,t,2649.0,Field_Crop_Supply_Balance.xlsx,19.1.1.22.,Potatoes 2022,Loss
2022,potato,Burgonya,field_crops,market_price,Piaci ár,huf_kg,329.0,Field_Crop_Supply_Balance.xlsx,19.1.1.22.,Potatoes 2022,"Average market price, HUF per kilogram | .."
2022,potato,Burgonya,field_crops,opening_stock,Nyitókészlet,t,232861.0,Field_Crop_Supply_Balance.xlsx,19.1.1.22.,Potatoes 2022,Initial stock
2022,potato,Burgonya,field_crops,other_use,Egyéb felhasználás,t,102384.0,Field_Crop_Supply_Balance.xlsx,19.1.1.22.,Potatoes 2022,other sales
2022,potato,Burgonya,field_crops,procurement_price,Felvásárlási ár,huf_t,134527.0,Field_Crop_Supply_Balance.xlsx,19.1.1.22.,Potatoes 2022,"Average procurement price, HUF per tonne"
2022,potato,Burgonya,field_crops,production,Termelés,t,199212.0,Field_Crop_Supply_Balance.xlsx,19.1.1.22.,Potatoes 2022,"Total harvested production, tonne"
2022,potato,Burgonya,field_crops,production,Termelés,t,199212.0,Field_Crop_Supply_Balance.xlsx,19.1.1.22.,Potatoes 2022,Total harvested production
2022,potato,Burgonya,field_crops,total_resource,Összes forrás,t,432073.0,Field_Crop_Supply_Balance.xlsx,19.1.1.22.,Potatoes 2022,Total resource
2022,potato,Burgonya,field_crops,total_use,Összes felhasználás,t,432073.0,Field_Crop_Supply_Balance.xlsx,19.1.1.22.,Potatoes 2022,Total use
2022,potato,Burgonya,field_crops,yield,Termésátlag,ha,20900.0,Field_Crop_Supply_Balance.xlsx,19.1.1.22.,Potatoes 2022,"Average yield, kilogram/hectare"
2022,rapeseed,Repce,field_crops,closing_stock,Zárókészlet,t,147377.0,Field_Crop_Supply_Balance.xlsx,19.1.1.22.,Rape seed 2022,"Closing stock, 31 December"
2022,rapeseed,Repce,field_crops,exports,Export,t,4338.0,Field_Crop_Supply_Balance.xlsx,19.1.1.22.,Rape seed 2022,Direct exports
2022,rapeseed,Repce,field_crops,feed_use,Takarmányozás,t,270764.0,Field_Crop_Supply_Balance.xlsx,19.1.1.22.,Rape seed 2022,fodder | – | – | – | – | –
2022,rapeseed,Repce,field_crops,food_use,Élelmezési felhasználás,t,282507.0,Field_Crop_Supply_Balance.xlsx,19.1.1.22.,Rape seed 2022,"for human consumption and for industrial purposes, fodder"
2022,rapeseed,Repce,field_crops,harvested_area,Betakarított terület,ha,204563.0,Field_Crop_Supply_Balance.xlsx,19.1.1.22.,Rape seed 2022,"Harvested area, hectare"
2022,rapeseed,Repce,field_crops,industrial_use,Ipari felhasználás,t,624.0,Field_Crop_Supply_Balance.xlsx,19.1.1.22.,Rape seed 2022,Processing
2022,rapeseed,Repce,field_crops,intermediate_consumption,Folyó termelőfelhasználás,t,3331.0,Field_Crop_Supply_Balance.xlsx,19.1.1.22.,Rape seed 2022,Intermediate consumption
2022,rapeseed,Repce,field_crops,loss,Veszteség,t,1923.0,Field_Crop_Supply_Balance.xlsx,19.1.1.22.,Rape seed 2022,Loss
2022,rapeseed,Repce,field_crops,opening_stock,Nyitókészlet,t,143514.0,Field_Crop_Supply_Balance.xlsx,19.1.1.22.,Rape seed 2022,Initial stock
2022,rapeseed,Repce,field_crops,other_use,Egyéb felhasználás,t,285927.0,Field_Crop_Supply_Balance.xlsx,19.1.1.22.,Rape seed 2022,other sales
2022,rapeseed,Repce,field_crops,procurement_price,Felvásárlási ár,huf_t,282598.0,Field_Crop_Supply_Balance.xlsx,19.1.1.22.,Rape seed 2022,"Average procurement price, HUF per tonne"
2022,rapeseed,Repce,field_crops,production,Termelés,t,505045.0,Field_Crop_Supply_Balance.xlsx,19.1.1.22.,Rape seed 2022,"Total harvested production, tonne"
2022,rapeseed,Repce,field_crops,production,Termelés,t,505045.0,Field_Crop_Supply_Balance.xlsx,19.1.1.22.,Rape seed 2022,Total harvested production
2022,rapeseed,Repce,field_crops,total_resource,Összes forrás,t,648559.0,Field_Crop_Supply_Balance.xlsx,19.1.1.22.,Rape seed 2022,Total resource
2022,rapeseed,Repce,field_crops,total_use,Összes felhasználás,t,648559.0,Field_Crop_Supply_Balance.xlsx,19.1.1.22.,Rape seed 2022,Total use
2022,rapeseed,Repce,field_crops,yield,Termésátlag,ha,2470.0,Field_Crop_Supply_Balance.xlsx,19.1.1.22.,Rape seed 2022,"Average yield, kilogram/hectare"
2022,soybean,Szója,field_crops,closing_stock,Zárókészlet,t,37826.0,Field_Crop_Supply_Balance.xlsx,19.1.1.22.,Soya-bean 2022,Closing stock | – | – | – | – | –
2022,soybean,Szója,field_crops,exports,Export,t,135141.0,Field_Crop_Supply_Balance.xlsx,19.1.1.22.,Soya-bean 2022,Exports | – | – | – | – | –
2022,soybean,Szója,field_crops,feed_use,Takarmányozás,t,22874.0,Field_Crop_Supply_Balance.xlsx,19.1.1.22.,Soya-bean 2022,Feed consumption | – | – | – | – | –
2022,soybean,Szója,field_crops,food_use,Élelmezési felhasználás,t,209855.0,Field_Crop_Supply_Balance.xlsx,19.1.1.22.,Soya-bean 2022,"for human consumption and for industrial purposes, fodder"
2022,soybean,Szója,field_crops,food_use,Élelmezési felhasználás,t,10558.0,Field_Crop_Supply_Balance.xlsx,19.1.1.22.,Soya-bean 2022,domestic food consumption | – | – | – | – | –
2022,soybean,Szója,field_crops,harvested_area,Betakarított terület,ha,66279.0,Field_Crop_Supply_Balance.xlsx,19.1.1.22.,Soya-bean 2022,"Harvested area, hectare"
2022,soybean,Szója,field_crops,imports,Import,t,174831.0,Field_Crop_Supply_Balance.xlsx,19.1.1.22.,Soya-bean 2022,Imports | – | – | – | – | –
2022,soybean,Szója,field_crops,industrial_use,Ipari felhasználás,t,95153.0,Field_Crop_Supply_Balance.xlsx,19.1.1.22.,Soya-bean 2022,Industrial processing | – | – | – | – | –
2022,soybean,Szója,field_crops,loss,Veszteség,t,978.0,Field_Crop_Supply_Balance.xlsx,19.1.1.22.,Soya-bean 2022,Loss | – | – | – | – | –
2022,soybean,Szója,field_crops,opening_stock,Nyitókészlet,t,65447.0,Field_Crop_Supply_Balance.xlsx,19.1.1.22.,Soya-bean 2022,Initial stock | – | – | – | – | –
2022,soybean,Szója,field_crops,other_use,Egyéb felhasználás,t,76665.0,Field_Crop_Supply_Balance.xlsx,19.1.1.22.,Soya-bean 2022,Other consumption | – | – | – | – | –
2022,soybean,Szója,field_crops,procurement_price,Felvásárlási ár,huf_t,214141.0,Field_Crop_Supply_Balance.xlsx,19.1.1.22.,Soya-bean 2022,"Average procurement price, HUF per tonne"
2022,soybean,Szója,field_crops,production,Termelés,t,134465.0,Field_Crop_Supply_Balance.xlsx,19.1.1.22.,Soya-bean 2022,"Total harvested production, tonne"
2022,soybean,Szója,field_crops,production,Termelés,t,134465.0,Field_Crop_Supply_Balance.xlsx,19.1.1.22.,Soya-bean 2022,Total harvested production | – | – | – | – | –
2022,soybean,Szója,field_crops,seed_use,Vetőmag-felhasználás,t,233737.0,Field_Crop_Supply_Balance.xlsx,19.1.1.22.,Soya-bean 2022,seed for sowing | – | – | ... | ... | ...
2022,soybean,Szója,field_crops,seed_use,Vetőmag-felhasználás,t,6106.0,Field_Crop_Supply_Balance.xlsx,19.1.1.22.,Soya-bean 2022,Seed consumption for sowing | – | – | – | – | –
2022,soybean,Szója,field_crops,total_resource,Összes forrás,t,374743.0,Field_Crop_Supply_Balance.xlsx,19.1.1.22.,Soya-bean 2022,Total resource | – | – | – | – | –
2022,soybean,Szója,field_crops,total_use,Összes felhasználás,t,374743.0,Field_Crop_Supply_Balance.xlsx,19.1.1.22.,Soya-bean 2022,Total use | – | – | – | – | –
2022,soybean,Szója,field_crops,yield,Termésátlag,ha,2030.0,Field_Crop_Supply_Balance.xlsx,19.1.1.22.,Soya-bean 2022,"Average yield, kilogram/hectare"
2022,sugar_beet,Cukorrépa,field_crops,closing_stock,Zárókészlet,t,161953.0,Field_Crop_Supply_Balance.xlsx,19.1.1.22.,Sugar beet 2022,"Closing stock, 31 December"
2022,sugar_beet,Cukorrépa,field_crops,exports,Export,t,6322.0,Field_Crop_Supply_Balance.xlsx,19.1.1.22.,Sugar beet 2022,Direct exports
2022,sugar_beet,Cukorrépa,field_crops,harvested_area,Betakarított terület,ha,9710.0,Field_Crop_Supply_Balance.xlsx,19.1.1.22.,Sugar beet 2022,"Harvested area, hectare"
2022,sugar_beet,Cukorrépa,field_crops,intermediate_consumption,Folyó termelőfelhasználás,t,9949.0,Field_Crop_Supply_Balance.xlsx,19.1.1.22.,Sugar beet 2022,Intermediate consumption
2022,sugar_beet,Cukorrépa,field_crops,loss,Veszteség,t,3.0,Field_Crop_Supply_Balance.xlsx,19.1.1.22.,Sugar beet 2022,Loss
2022,sugar_beet,Cukorrépa,field_crops,opening_stock,Nyitókészlet,t,148928.0,Field_Crop_Supply_Balance.xlsx,19.1.1.22.,Sugar beet 2022,Initial stock
2022,sugar_beet,Cukorrépa,field_crops,other_use,Egyéb felhasználás,t,53883.0,Field_Crop_Supply_Balance.xlsx,19.1.1.22.,Sugar beet 2022,other sales
2022,sugar_beet,Cukorrépa,field_crops,production,Termelés,t,470215.0,Field_Crop_Supply_Balance.xlsx,19.1.1.22.,Sugar beet 2022,"Total harvested production, tonne"
2022,sugar_beet,Cukorrépa,field_crops,production,Termelés,t,470215.0,Field_Crop_Supply_Balance.xlsx,19.1.1.22.,Sugar beet 2022,Total harvested production
2022,sugar_beet,Cukorrépa,field_crops,total_resource,Összes forrás,t,619143.0,Field_Crop_Supply_Balance.xlsx,19.1.1.22.,Sugar beet 2022,Total resource
2022,sugar_beet,Cukorrépa,field_crops,total_use,Összes felhasználás,t,619143.0,Field_Crop_Supply_Balance.xlsx,19.1.1.22.,Sugar beet 2022,Total use
2022,sugar_beet,Cukorrépa,field_crops,yield,Termésátlag,ha,48430.0,Field_Crop_Supply_Balance.xlsx,19.1.1.22.,Sugar beet 2022,"Average yield, kilogram/hectare"
2022,sunflower,Napraforgó,field_crops,closing_stock,Zárókészlet,t,783166.0,Field_Crop_Supply_Balance.xlsx,19.1.1.22.,Sunflower seed 2022,Closing stock | – | – | – | – | –
2022,sunflower,Napraforgó,field_crops,exports,Export,t,246976.0,Field_Crop_Supply_Balance.xlsx,19.1.1.22.,Sunflower seed 2022,Exports | – | – | – | – | –
2022,sunflower,Napraforgó,field_crops,feed_use,Takarmányozás,t,265327.0,Field_Crop_Supply_Balance.xlsx,19.1.1.22.,Sunflower seed 2022,fodder | – | – | – | – | –
2022,sunflower,Napraforgó,field_crops,feed_use,Takarmányozás,t,74404.0,Field_Crop_Supply_Balance.xlsx,19.1.1.22.,Sunflower seed 2022,Feed consumption | – | – | – | – | –
2022,sunflower,Napraforgó,field_crops,food_use,Élelmezési felhasználás,t,276479.0,Field_Crop_Supply_Balance.xlsx,19.1.1.22.,Sunflower seed 2022,for human consumption | – | – | – | – | –
2022,sunflower,Napraforgó,field_crops,food_use,Élelmezési felhasználás,t,24.0,Field_Crop_Supply_Balance.xlsx,19.1.1.22.,Sunflower seed 2022,Personal consumption | – | – | – | – | –
2022,sunflower,Napraforgó,field_crops,food_use,Élelmezési felhasználás,t,522911.0,Field_Crop_Supply_Balance.xlsx,19.1.1.22.,Sunflower seed 2022,domestic food consumption | – | – | – | – | –
2022,sunflower,Napraforgó,field_crops,harvested_area,Betakarított terület,ha,679595.0,Field_Crop_Supply_Balance.xlsx,19.1.1.22.,Sunflower seed 2022,"Harvested area, hectare"
2022,sunflower,Napraforgó,field_crops,imports,Import,t,709496.0,Field_Crop_Supply_Balance.xlsx,19.1.1.22.,Sunflower seed 2022,Imports | – | – | – | – | –
2022,sunflower,Napraforgó,field_crops,industrial_use,Ipari felhasználás,t,266843.0,Field_Crop_Supply_Balance.xlsx,19.1.1.22.,Sunflower seed 2022,for industrial purposes | – | – | – | – | –
2022,sunflower,Napraforgó,field_crops,industrial_use,Ipari felhasználás,t,1554538.0,Field_Crop_Supply_Balance.xlsx,19.1.1.22.,Sunflower seed 2022,Industrial processing | – | – | – | – | –
2022,sunflower,Napraforgó,field_crops,loss,Veszteség,t,11334.0,Field_Crop_Supply_Balance.xlsx,19.1.1.22.,Sunflower seed 2022,Loss | – | – | – | – | –
2022,sunflower,Napraforgó,field_crops,opening_stock,Nyitókészlet,t,681667.1999999997,Field_Crop_Supply_Balance.xlsx,19.1.1.22.,Sunflower seed 2022,Initial stock | – | – | – | – | –
2022,sunflower,Napraforgó,field_crops,procurement_price,Felvásárlási ár,huf_t,267758.0,Field_Crop_Supply_Balance.xlsx,19.1.1.22.,Sunflower seed 2022,"Average procurement price, HUF per tonne"
2022,sunflower,Napraforgó,field_crops,production,Termelés,t,1286195.0,Field_Crop_Supply_Balance.xlsx,19.1.1.22.,Sunflower seed 2022,"Total harvested production, tonne"
2022,sunflower,Napraforgó,field_crops,production,Termelés,t,1286195.0,Field_Crop_Supply_Balance.xlsx,19.1.1.22.,Sunflower seed 2022,Total harvested production | – | – | – | – | –
2022,sunflower,Napraforgó,field_crops,seed_use,Vetőmag-felhasználás,t,357079.0,Field_Crop_Supply_Balance.xlsx,19.1.1.22.,Sunflower seed 2022,seed for sowing | – | – | ... | ... | ...
2022,sunflower,Napraforgó,field_crops,seed_use,Vetőmag-felhasználás,t,6916.0,Field_Crop_Supply_Balance.xlsx,19.1.1.22.,Sunflower seed 2022,Seed consumption for sowing | – | – | – | – | –
2022,sunflower,Napraforgó,field_crops,total_resource,Összes forrás,t,2677358.0,Field_Crop_Supply_Balance.xlsx,19.1.1.22.,Sunflower seed 2022,Total resource | – | – | – | – | –
2022,sunflower,Napraforgó,field_crops,total_use,Összes felhasználás,t,2677358.0,Field_Crop_Supply_Balance.xlsx,19.1.1.22.,Sunflower seed 2022,Total use | – | – | – | – | –
2022,sunflower,Napraforgó,field_crops,yield,Termésátlag,ha,1890.0,Field_Crop_Supply_Balance.xlsx,19.1.1.22.,Sunflower seed 2022,"Average yield, kilogram/hectare"
2023,barley,Árpa,cereals,closing_stock,Zárókészlet,t,546864.0,Cereal_Supply_Balance.xlsx,19.1.1.21.,Barley 2023,Closing stock
2023,barley,Árpa,cereals,exports,Export,t,1202602.0,Cereal_Supply_Balance.xlsx,19.1.1.21.,Barley 2023,Exports
2023,barley,Árpa,cereals,feed_use,Takarmányozás,t,57720.0,Cereal_Supply_Balance.xlsx,19.1.1.21.,Barley 2023,fodder | – | – | – | – | –
2023,barley,Árpa,cereals,feed_use,Takarmányozás,t,736613.0,Cereal_Supply_Balance.xlsx,19.1.1.21.,Barley 2023,Feed consumption
2023,barley,Árpa,cereals,food_use,Élelmezési felhasználás,t,67052.0,Cereal_Supply_Balance.xlsx,19.1.1.21.,Barley 2023,for human consumption and for industrial purposes | – | – | – | – | –
2023,barley,Árpa,cereals,food_use,Élelmezési felhasználás,t,24926.0,Cereal_Supply_Balance.xlsx,19.1.1.21.,Barley 2023,domestic food consumption
2023,barley,Árpa,cereals,harvested_area,Betakarított terület,ha,412922.0,Cereal_Supply_Balance.xlsx,19.1.1.21.,Barley 2023,"Harvested area, hectare"
2023,barley,Árpa,cereals,imports,Import,t,20352.0,Cereal_Supply_Balance.xlsx,19.1.1.21.,Barley 2023,Imports
2023,barley,Árpa,cereals,industrial_use,Ipari felhasználás,t,112403.0,Cereal_Supply_Balance.xlsx,19.1.1.21.,Barley 2023,Industrial processing
2023,barley,Árpa,cereals,loss,Veszteség,t,7403.0,Cereal_Supply_Balance.xlsx,19.1.1.21.,Barley 2023,Loss
2023,barley,Árpa,cereals,opening_stock,Nyitókészlet,t,437933.0,Cereal_Supply_Balance.xlsx,19.1.1.21.,Barley 2023,Initial stock
2023,barley,Árpa,cereals,procurement_price,Felvásárlási ár,huf_t,58006.0,Cereal_Supply_Balance.xlsx,19.1.1.21.,Barley 2023,"Average procurement price, HUF per tonne | – | – | – | – | –"
2023,barley,Árpa,cereals,production,Termelés,t,2219724.0,Cereal_Supply_Balance.xlsx,19.1.1.21.,Barley 2023,"Total harvested production, tonne"
2023,barley,Árpa,cereals,production,Termelés,t,2219724.0,Cereal_Supply_Balance.xlsx,19.1.1.21.,Barley 2023,Total harvested production
2023,barley,Árpa,cereals,seed_use,Vetőmag-felhasználás,t,68240.0,Cereal_Supply_Balance.xlsx,19.1.1.21.,Barley 2023,seed for sowing | – | – | – | – | –
2023,barley,Árpa,cereals,seed_use,Vetőmag-felhasználás,t,72124.0,Cereal_Supply_Balance.xlsx,19.1.1.21.,Barley 2023,Seed consumption for sowing
2023,barley,Árpa,cereals,total_resource,Összes forrás,t,2678009.0,Cereal_Supply_Balance.xlsx,19.1.1.21.,Barley 2023,Total resource
2023,barley,Árpa,cereals,total_use,Összes felhasználás,t,2678009.0,Cereal_Supply_Balance.xlsx,19.1.1.21.,Barley 2023,Total use
2023,barley,Árpa,cereals,yield,Termésátlag,ha,5380.0,Cereal_Supply_Balance.xlsx,19.1.1.21.,Barley 2023,"Average yield, kilogram/hectare"
2023,cereals_total,Gabonafélék összesen,cereals,closing_stock,Zárókészlet,t,9880513.0,Cereal_Supply_Balance.xlsx,19.1.1.21.,"Cereals, total 2023",Closing stock
2023,cereals_total,Gabonafélék összesen,cereals,exports,Export,t,5697261.0,Cereal_Supply_Balance.xlsx,19.1.1.21.,"Cereals, total 2023",Exports
2023,cereals_total,Gabonafélék összesen,cereals,feed_use,Takarmányozás,t,4492213.0,Cereal_Supply_Balance.xlsx,19.1.1.21.,"Cereals, total 2023",Feed consumption
2023,cereals_total,Gabonafélék összesen,cereals,food_use,Élelmezési felhasználás,t,1602757.0,Cereal_Supply_Balance.xlsx,19.1.1.21.,"Cereals, total 2023",domestic food consumption
2023,cereals_total,Gabonafélék összesen,cereals,harvested_area,Betakarított terület,ha,2405578.0,Cereal_Supply_Balance.xlsx,19.1.1.21.,"Cereals, total 2023","Harvested area, hectare"
2023,cereals_total,Gabonafélék összesen,cereals,imports,Import,t,1247379.0,Cereal_Supply_Balance.xlsx,19.1.1.21.,"Cereals, total 2023",Imports
2023,cereals_total,Gabonafélék összesen,cereals,industrial_use,Ipari felhasználás,t,3700465.0,Cereal_Supply_Balance.xlsx,19.1.1.21.,"Cereals, total 2023",Industrial processing
2023,cereals_total,Gabonafélék összesen,cereals,loss,Veszteség,t,73507.0,Cereal_Supply_Balance.xlsx,19.1.1.21.,"Cereals, total 2023",Loss
2023,cereals_total,Gabonafélék összesen,cereals,opening_stock,Nyitókészlet,t,7880747.0,Cereal_Supply_Balance.xlsx,19.1.1.21.,"Cereals, total 2023",Initial stock
2023,cereals_total,Gabonafélék összesen,cereals,other_use,Egyéb felhasználás,t,1732.0,Cereal_Supply_Balance.xlsx,19.1.1.21.,"Cereals, total 2023",Other consumption
2023,cereals_total,Gabonafélék összesen,cereals,production,Termelés,t,15076201.0,Cereal_Supply_Balance.xlsx,19.1.1.21.,"Cereals, total 2023","Total harvested production, tonne"
2023,cereals_total,Gabonafélék összesen,cereals,production,Termelés,t,15076201.0,Cereal_Supply_Balance.xlsx,19.1.1.21.,"Cereals, total 2023",Total harvested production
2023,cereals_total,Gabonafélék összesen,cereals,seed_use,Vetőmag-felhasználás,t,358636.0,Cereal_Supply_Balance.xlsx,19.1.1.21.,"Cereals, total 2023",Seed consumption for sowing
2023,cereals_total,Gabonafélék összesen,cereals,total_resource,Összes forrás,t,24204327.0,Cereal_Supply_Balance.xlsx,19.1.1.21.,"Cereals, total 2023",Total resource
2023,cereals_total,Gabonafélék összesen,cereals,total_use,Összes felhasználás,t,24204327.0,Cereal_Supply_Balance.xlsx,19.1.1.21.,"Cereals, total 2023",Total use
2023,cereals_total,Gabonafélék összesen,cereals,yield,Termésátlag,ha,6270.0,Cereal_Supply_Balance.xlsx,19.1.1.21.,"Cereals, total 2023","Average yield, kilogram/hectare"
2023,maize,Kukorica,cereals,closing_stock,Zárókészlet,t,5002216.0,Cereal_Supply_Balance.xlsx,19.1.1.21.,Maize 2023,Closing stock
2023,maize,Kukorica,cereals,exports,Export,t,1403788.0,Cereal_Supply_Balance.xlsx,19.1.1.21.,Maize 2023,Exports
2023,maize,Kukorica,cereals,feed_use,Takarmányozás,t,68137.0,Cereal_Supply_Balance.xlsx,19.1.1.21.,Maize 2023,fodder | – | – | – | – | –
2023,maize,Kukorica,cereals,feed_use,Takarmányozás,t,2303936.0,Cereal_Supply_Balance.xlsx,19.1.1.21.,Maize 2023,Feed consumption
2023,maize,Kukorica,cereals,food_use,Élelmezési felhasználás,t,74663.0,Cereal_Supply_Balance.xlsx,19.1.1.21.,Maize 2023,for human consumption and for industrial purposes | – | – | – | – | –
2023,maize,Kukorica,cereals,food_use,Élelmezési felhasználás,t,289795.0,Cereal_Supply_Balance.xlsx,19.1.1.21.,Maize 2023,domestic food consumption
2023,maize,Kukorica,cereals,harvested_area,Betakarított terület,ha,770694.0,Cereal_Supply_Balance.xlsx,19.1.1.21.,Maize 2023,"Harvested area, hectare"
2023,maize,Kukorica,cereals,imports,Import,t,922618.0,Cereal_Supply_Balance.xlsx,19.1.1.21.,Maize 2023,Imports
2023,maize,Kukorica,cereals,industrial_use,Ipari felhasználás,t,2197971.0,Cereal_Supply_Balance.xlsx,19.1.1.21.,Maize 2023,Industrial processing
2023,maize,Kukorica,cereals,loss,Veszteség,t,35446.0,Cereal_Supply_Balance.xlsx,19.1.1.21.,Maize 2023,Loss
2023,maize,Kukorica,cereals,opening_stock,Nyitókészlet,t,3764968.0,Cereal_Supply_Balance.xlsx,19.1.1.21.,Maize 2023,Initial stock
2023,maize,Kukorica,cereals,procurement_price,Felvásárlási ár,huf_t,72602.0,Cereal_Supply_Balance.xlsx,19.1.1.21.,Maize 2023,"Average procurement price, HUF per tonne | – | – | – | – | –"
2023,maize,Kukorica,cereals,production,Termelés,t,6278912.0,Cereal_Supply_Balance.xlsx,19.1.1.21.,Maize 2023,"Total harvested production, tonne"
2023,maize,Kukorica,cereals,production,Termelés,t,6278912.0,Cereal_Supply_Balance.xlsx,19.1.1.21.,Maize 2023,Total harvested production
2023,maize,Kukorica,cereals,seed_use,Vetőmag-felhasználás,t,527158.0,Cereal_Supply_Balance.xlsx,19.1.1.21.,Maize 2023,seed for sowing | – | – | – | – | –
2023,maize,Kukorica,cereals,seed_use,Vetőmag-felhasználás,t,23141.0,Cereal_Supply_Balance.xlsx,19.1.1.21.,Maize 2023,Seed consumption for sowing
2023,maize,Kukorica,cereals,total_resource,Összes forrás,t,10966498.0,Cereal_Supply_Balance.xlsx,19.1.1.21.,Maize 2023,Total resource
2023,maize,Kukorica,cereals,total_use,Összes felhasználás,t,10966498.0,Cereal_Supply_Balance.xlsx,19.1.1.21.,Maize 2023,Total use
2023,maize,Kukorica,cereals,yield,Termésátlag,ha,8150.0,Cereal_Supply_Balance.xlsx,19.1.1.21.,Maize 2023,"Average yield, kilogram/hectare"
2023,oats,Zab,cereals,closing_stock,Zárókészlet,t,10901.0,Cereal_Supply_Balance.xlsx,19.1.1.21.,Oats 2023,Closing stock
2023,oats,Zab,cereals,exports,Export,t,8529.0,Cereal_Supply_Balance.xlsx,19.1.1.21.,Oats 2023,Exports
2023,oats,Zab,cereals,feed_use,Takarmányozás,t,64992.0,Cereal_Supply_Balance.xlsx,19.1.1.21.,Oats 2023,fodder | – | – | – | – | –
2023,oats,Zab,cereals,feed_use,Takarmányozás,t,50994.0,Cereal_Supply_Balance.xlsx,19.1.1.21.,Oats 2023,Feed consumption
2023,oats,Zab,cereals,food_use,Élelmezési felhasználás,t,2042.0,Cereal_Supply_Balance.xlsx,19.1.1.21.,Oats 2023,domestic food consumption
2023,oats,Zab,cereals,harvested_area,Betakarított terület,ha,22047.0,Cereal_Supply_Balance.xlsx,19.1.1.21.,Oats 2023,"Harvested area, hectare"
2023,oats,Zab,cereals,imports,Import,t,3940.0,Cereal_Supply_Balance.xlsx,19.1.1.21.,Oats 2023,Imports
2023,oats,Zab,cereals,industrial_use,Ipari felhasználás,t,3842.0,Cereal_Supply_Balance.xlsx,19.1.1.21.,Oats 2023,Industrial processing
2023,oats,Zab,cereals,loss,Veszteség,t,388.0,Cereal_Supply_Balance.xlsx,19.1.1.21.,Oats 2023,Loss
2023,oats,Zab,cereals,opening_stock,Nyitókészlet,t,14516.0,Cereal_Supply_Balance.xlsx,19.1.1.21.,Oats 2023,Initial stock
2023,oats,Zab,cereals,procurement_price,Felvásárlási ár,huf_t,73367.0,Cereal_Supply_Balance.xlsx,19.1.1.21.,Oats 2023,"Average procurement price, HUF per tonne | – | – | – | – | –"
2023,oats,Zab,cereals,production,Termelés,t,60583.0,Cereal_Supply_Balance.xlsx,19.1.1.21.,Oats 2023,"Total harvested production, tonne"
2023,oats,Zab,cereals,production,Termelés,t,60583.0,Cereal_Supply_Balance.xlsx,19.1.1.21.,Oats 2023,Total harvested production
2023,oats,Zab,cereals,seed_use,Vetőmag-felhasználás,t,284793.0,Cereal_Supply_Balance.xlsx,19.1.1.21.,Oats 2023,seed for sowing | – | – | – | – | –
2023,oats,Zab,cereals,seed_use,Vetőmag-felhasználás,t,4385.0,Cereal_Supply_Balance.xlsx,19.1.1.21.,Oats 2023,Seed consumption for sowing
2023,oats,Zab,cereals,total_resource,Összes forrás,t,79039.0,Cereal_Supply_Balance.xlsx,19.1.1.21.,Oats 2023,Total resource
2023,oats,Zab,cereals,total_use,Összes felhasználás,t,79039.0,Cereal_Supply_Balance.xlsx,19.1.1.21.,Oats 2023,Total use
2023,oats,Zab,cereals,yield,Termésátlag,ha,2750.0,Cereal_Supply_Balance.xlsx,19.1.1.21.,Oats 2023,"Average yield, kilogram/hectare"
2023,rice,Rizs,cereals,closing_stock,Zárókészlet,t,6782.0,Cereal_Supply_Balance.xlsx,19.1.1.21.,Rice 2023,Closing stock
2023,rice,Rizs,cereals,exports,Export,t,6835.0,Cereal_Supply_Balance.xlsx,19.1.1.21.,Rice 2023,Exports
2023,rice,Rizs,cereals,food_use,Élelmezési felhasználás,t,190007.0,Cereal_Supply_Balance.xlsx,19.1.1.21.,Rice 2023,for human consumption and for industrial purposes | – | – | – | – | –
2023,rice,Rizs,cereals,food_use,Élelmezési felhasználás,t,59275.0,Cereal_Supply_Balance.xlsx,19.1.1.21.,Rice 2023,domestic food consumption
2023,rice,Rizs,cereals,harvested_area,Betakarított terület,ha,2342.0,Cereal_Supply_Balance.xlsx,19.1.1.21.,Rice 2023,"Harvested area, hectare"
2023,rice,Rizs,cereals,imports,Import,t,58682.0,Cereal_Supply_Balance.xlsx,19.1.1.21.,Rice 2023,Imports
2023,rice,Rizs,cereals,industrial_use,Ipari felhasználás,t,59275.0,Cereal_Supply_Balance.xlsx,19.1.1.21.,Rice 2023,Industrial processing
2023,rice,Rizs,cereals,loss,Veszteség,t,91.0,Cereal_Supply_Balance.xlsx,19.1.1.21.,Rice 2023,Loss
2023,rice,Rizs,cereals,opening_stock,Nyitókészlet,t,6371.0,Cereal_Supply_Balance.xlsx,19.1.1.21.,Rice 2023,Initial stock
2023,rice,Rizs,cereals,procurement_price,Felvásárlási ár,huf_t,190007.0,Cereal_Supply_Balance.xlsx,19.1.1.21.,Rice 2023,"Average procurement price, HUF per tonne | – | – | – | – | –"
2023,rice,Rizs,cereals,production,Termelés,t,8327.0,Cereal_Supply_Balance.xlsx,19.1.1.21.,Rice 2023,"Total harvested production, tonne"
2023,rice,Rizs,cereals,production,Termelés,t,8327.0,Cereal_Supply_Balance.xlsx,19.1.1.21.,Rice 2023,Total harvested production
2023,rice,Rizs,cereals,seed_use,Vetőmag-felhasználás,t,397.0,Cereal_Supply_Balance.xlsx,19.1.1.21.,Rice 2023,Seed consumption for sowing
2023,rice,Rizs,cereals,total_resource,Összes forrás,t,73380.0,Cereal_Supply_Balance.xlsx,19.1.1.21.,Rice 2023,Total resource
2023,rice,Rizs,cereals,total_use,Összes felhasználás,t,73380.0,Cereal_Supply_Balance.xlsx,19.1.1.21.,Rice 2023,Total use
2023,rice,Rizs,cereals,yield,Termésátlag,ha,3560.0,Cereal_Supply_Balance.xlsx,19.1.1.21.,Rice 2023,"Average yield, kilogram/hectare"
2023,rye,Rozs,cereals,closing_stock,Zárókészlet,t,24191.0,Cereal_Supply_Balance.xlsx,19.1.1.21.,Rye 2023,Closing stock
2023,rye,Rozs,cereals,exports,Export,t,11231.0,Cereal_Supply_Balance.xlsx,19.1.1.21.,Rye 2023,Exports
2023,rye,Rozs,cereals,feed_use,Takarmányozás,t,50561.0,Cereal_Supply_Balance.xlsx,19.1.1.21.,Rye 2023,fodder | – | – | – | – | –
2023,rye,Rozs,cereals,feed_use,Takarmányozás,t,60005.0,Cereal_Supply_Balance.xlsx,19.1.1.21.,Rye 2023,Feed consumption
2023,rye,Rozs,cereals,food_use,Élelmezési felhasználás,t,53698.0,Cereal_Supply_Balance.xlsx,19.1.1.21.,Rye 2023,for human consumption and for industrial purposes | – | – | – | – | –
2023,rye,Rozs,cereals,food_use,Élelmezési felhasználás,t,13179.0,Cereal_Supply_Balance.xlsx,19.1.1.21.,Rye 2023,domestic food consumption
2023,rye,Rozs,cereals,harvested_area,Betakarított terület,ha,29412.0,Cereal_Supply_Balance.xlsx,19.1.1.21.,Rye 2023,"Harvested area, hectare"
2023,rye,Rozs,cereals,imports,Import,t,2071.0,Cereal_Supply_Balance.xlsx,19.1.1.21.,Rye 2023,Imports
2023,rye,Rozs,cereals,industrial_use,Ipari felhasználás,t,13179.0,Cereal_Supply_Balance.xlsx,19.1.1.21.,Rye 2023,Industrial processing
2023,rye,Rozs,cereals,loss,Veszteség,t,1256.0,Cereal_Supply_Balance.xlsx,19.1.1.21.,Rye 2023,Loss
2023,rye,Rozs,cereals,opening_stock,Nyitókészlet,t,21410.0,Cereal_Supply_Balance.xlsx,19.1.1.21.,Rye 2023,Initial stock
2023,rye,Rozs,cereals,procurement_price,Felvásárlási ár,huf_t,53305.0,Cereal_Supply_Balance.xlsx,19.1.1.21.,Rye 2023,"Average procurement price, HUF per tonne | – | – | – | – | –"
2023,rye,Rozs,cereals,production,Termelés,t,94136.0,Cereal_Supply_Balance.xlsx,19.1.1.21.,Rye 2023,"Total harvested production, tonne"
2023,rye,Rozs,cereals,production,Termelés,t,94136.0,Cereal_Supply_Balance.xlsx,19.1.1.21.,Rye 2023,Total harvested production
2023,rye,Rozs,cereals,seed_use,Vetőmag-felhasználás,t,89937.0,Cereal_Supply_Balance.xlsx,19.1.1.21.,Rye 2023,seed for sowing | – | – | – | – | –
2023,rye,Rozs,cereals,seed_use,Vetőmag-felhasználás,t,7755.0,Cereal_Supply_Balance.xlsx,19.1.1.21.,Rye 2023,Seed consumption for sowing
2023,rye,Rozs,cereals,total_resource,Összes forrás,t,117617.0,Cereal_Supply_Balance.xlsx,19.1.1.21.,Rye 2023,Total resource
2023,rye,Rozs,cereals,total_use,Összes felhasználás,t,117617.0,Cereal_Supply_Balance.xlsx,19.1.1.21.,Rye 2023,Total use
2023,rye,Rozs,cereals,yield,Termésátlag,ha,3200.0,Cereal_Supply_Balance.xlsx,19.1.1.21.,Rye 2023,"Average yield, kilogram/hectare"
2023,triticale,Tritikálé,cereals,closing_stock,Zárókészlet,t,103170.0,Cereal_Supply_Balance.xlsx,19.1.1.21.,Triticale 2023,Closing stock
2023,triticale,Tritikálé,cereals,exports,Export,t,5246.0,Cereal_Supply_Balance.xlsx,19.1.1.21.,Triticale 2023,Exports
2023,triticale,Tritikálé,cereals,feed_use,Takarmányozás,t,55426.0,Cereal_Supply_Balance.xlsx,19.1.1.21.,Triticale 2023,fodder | – | – | – | – | –
2023,triticale,Tritikálé,cereals,feed_use,Takarmányozás,t,229507.0,Cereal_Supply_Balance.xlsx,19.1.1.21.,Triticale 2023,Feed consumption
2023,triticale,Tritikálé,cereals,food_use,Élelmezési felhasználás,t,51703.0,Cereal_Supply_Balance.xlsx,19.1.1.21.,Triticale 2023,for human consumption and for industrial purposes | – | – | – | – | –
2023,triticale,Tritikálé,cereals,food_use,Élelmezési felhasználás,t,4610.0,Cereal_Supply_Balance.xlsx,19.1.1.21.,Triticale 2023,domestic food consumption
2023,triticale,Tritikálé,cereals,harvested_area,Betakarított terület,ha,75141.0,Cereal_Supply_Balance.xlsx,19.1.1.21.,Triticale 2023,"Harvested area, hectare"
2023,triticale,Tritikálé,cereals,imports,Import,t,345.0,Cereal_Supply_Balance.xlsx,19.1.1.21.,Triticale 2023,Imports
2023,triticale,Tritikálé,cereals,industrial_use,Ipari felhasználás,t,4613.0,Cereal_Supply_Balance.xlsx,19.1.1.21.,Triticale 2023,Industrial processing
2023,triticale,Tritikálé,cereals,loss,Veszteség,t,1194.0,Cereal_Supply_Balance.xlsx,19.1.1.21.,Triticale 2023,Loss
2023,triticale,Tritikálé,cereals,opening_stock,Nyitókészlet,t,60379.0,Cereal_Supply_Balance.xlsx,19.1.1.21.,Triticale 2023,Initial stock
2023,triticale,Tritikálé,cereals,procurement_price,Felvásárlási ár,huf_t,55603.0,Cereal_Supply_Balance.xlsx,19.1.1.21.,Triticale 2023,"Average procurement price, HUF per tonne | – | – | – | – | –"
2023,triticale,Tritikálé,cereals,production,Termelés,t,300123.0,Cereal_Supply_Balance.xlsx,19.1.1.21.,Triticale 2023,"Total harvested production, tonne"
2023,triticale,Tritikálé,cereals,production,Termelés,t,300123.0,Cereal_Supply_Balance.xlsx,19.1.1.21.,Triticale 2023,Total harvested production
2023,triticale,Tritikálé,cereals,seed_use,Vetőmag-felhasználás,t,146251.0,Cereal_Supply_Balance.xlsx,19.1.1.21.,Triticale 2023,seed for sowing | – | – | – | – | –
2023,triticale,Tritikálé,cereals,seed_use,Vetőmag-felhasználás,t,17117.0,Cereal_Supply_Balance.xlsx,19.1.1.21.,Triticale 2023,Seed consumption for sowing
2023,triticale,Tritikálé,cereals,total_resource,Összes forrás,t,360847.0,Cereal_Supply_Balance.xlsx,19.1.1.21.,Triticale 2023,Total resource
2023,triticale,Tritikálé,cereals,total_use,Összes felhasználás,t,360847.0,Cereal_Supply_Balance.xlsx,19.1.1.21.,Triticale 2023,Total use
2023,triticale,Tritikálé,cereals,yield,Termésátlag,ha,3990.0,Cereal_Supply_Balance.xlsx,19.1.1.21.,Triticale 2023,"Average yield, kilogram/hectare"
2023,wheat,Búza,cereals,closing_stock,Zárókészlet,t,4119473.0,Cereal_Supply_Balance.xlsx,19.1.1.21.,Wheat 2023,Closing stock
2023,wheat,Búza,cereals,exports,Export,t,3020527.0,Cereal_Supply_Balance.xlsx,19.1.1.21.,Wheat 2023,Exports
2023,wheat,Búza,cereals,feed_use,Takarmányozás,t,74529.0,Cereal_Supply_Balance.xlsx,19.1.1.21.,Wheat 2023,fodder | – | – | – | – | –
2023,wheat,Búza,cereals,feed_use,Takarmányozás,t,1031911.0,Cereal_Supply_Balance.xlsx,19.1.1.21.,Wheat 2023,Feed consumption
2023,wheat,Búza,cereals,food_use,Élelmezési felhasználás,t,80515.0,Cereal_Supply_Balance.xlsx,19.1.1.21.,Wheat 2023,for human consumption and for industrial purposes | – | – | – | – | –
2023,wheat,Búza,cereals,food_use,Élelmezési felhasználás,t,1206164.0,Cereal_Supply_Balance.xlsx,19.1.1.21.,Wheat 2023,domestic food consumption
2023,wheat,Búza,cereals,harvested_area,Betakarított terület,ha,1053121.0,Cereal_Supply_Balance.xlsx,19.1.1.21.,Wheat 2023,"Harvested area, hectare"
2023,wheat,Búza,cereals,imports,Import,t,234040.0,Cereal_Supply_Balance.xlsx,19.1.1.21.,Wheat 2023,Imports
2023,wheat,Búza,cereals,industrial_use,Ipari felhasználás,t,1306164.0,Cereal_Supply_Balance.xlsx,19.1.1.21.,Wheat 2023,Industrial processing
2023,wheat,Búza,cereals,loss,Veszteség,t,26788.0,Cereal_Supply_Balance.xlsx,19.1.1.21.,Wheat 2023,Loss
2023,wheat,Búza,cereals,opening_stock,Nyitókészlet,t,3560943.0,Cereal_Supply_Balance.xlsx,19.1.1.21.,Wheat 2023,Initial stock
2023,wheat,Búza,cereals,procurement_price,Felvásárlási ár,huf_t,77612.0,Cereal_Supply_Balance.xlsx,19.1.1.21.,Wheat 2023,"Average procurement price, HUF per tonne | – | – | – | – | –"
2023,wheat,Búza,cereals,production,Termelés,t,5941993.0,Cereal_Supply_Balance.xlsx,19.1.1.21.,Wheat 2023,"Total harvested production, tonne"
2023,wheat,Búza,cereals,production,Termelés,t,5941993.0,Cereal_Supply_Balance.xlsx,19.1.1.21.,Wheat 2023,Total harvested production
2023,wheat,Búza,cereals,seed_use,Vetőmag-felhasználás,t,90224.0,Cereal_Supply_Balance.xlsx,19.1.1.21.,Wheat 2023,seed for sowing | – | – | – | – | –
2023,wheat,Búza,cereals,seed_use,Vetőmag-felhasználás,t,232113.0,Cereal_Supply_Balance.xlsx,19.1.1.21.,Wheat 2023,Seed consumption for sowing
2023,wheat,Búza,cereals,total_resource,Összes forrás,t,9736976.0,Cereal_Supply_Balance.xlsx,19.1.1.21.,Wheat 2023,Total resource
2023,wheat,Búza,cereals,total_use,Összes felhasználás,t,9736976.0,Cereal_Supply_Balance.xlsx,19.1.1.21.,Wheat 2023,Total use
2023,wheat,Búza,cereals,yield,Termésátlag,ha,5640.0,Cereal_Supply_Balance.xlsx,19.1.1.21.,Wheat 2023,"Average yield, kilogram/hectare"
2023,peas,Borsó,field_crops,closing_stock,Zárókészlet,t,15877.0,Field_Crop_Supply_Balance.xlsx,19.1.1.22.,Peas 2023,"Closing stock, 31 December"
2023,peas,Borsó,field_crops,exports,Export,t,778.0,Field_Crop_Supply_Balance.xlsx,19.1.1.22.,Peas 2023,Direct exports
2023,peas,Borsó,field_crops,feed_use,Takarmányozás,t,98538.0,Field_Crop_Supply_Balance.xlsx,19.1.1.22.,Peas 2023,fodder | – | – | – | – | –
2023,peas,Borsó,field_crops,harvested_area,Betakarított terület,ha,11959.0,Field_Crop_Supply_Balance.xlsx,19.1.1.22.,Peas 2023,"Harvested area, hectare"
2023,peas,Borsó,field_crops,industrial_use,Ipari felhasználás,t,1958.0,Field_Crop_Supply_Balance.xlsx,19.1.1.22.,Peas 2023,Processing
2023,peas,Borsó,field_crops,intermediate_consumption,Folyó termelőfelhasználás,t,2422.0,Field_Crop_Supply_Balance.xlsx,19.1.1.22.,Peas 2023,Intermediate consumption
2023,peas,Borsó,field_crops,loss,Veszteség,t,669.0,Field_Crop_Supply_Balance.xlsx,19.1.1.22.,Peas 2023,Loss
2023,peas,Borsó,field_crops,market_price,Piaci ár,huf_kg,1344.0,Field_Crop_Supply_Balance.xlsx,19.1.1.22.,Peas 2023,"Average market price, HUF per kilogram | .."
2023,peas,Borsó,field_crops,opening_stock,Nyitókészlet,t,15029.0,Field_Crop_Supply_Balance.xlsx,19.1.1.22.,Peas 2023,Initial stock
2023,peas,Borsó,field_crops,other_use,Egyéb felhasználás,t,7503.0,Field_Crop_Supply_Balance.xlsx,19.1.1.22.,Peas 2023,other sales
2023,peas,Borsó,field_crops,procurement_price,Felvásárlási ár,huf_t,255981.0,Field_Crop_Supply_Balance.xlsx,19.1.1.22.,Peas 2023,"Average procurement price, HUF per tonne"
2023,peas,Borsó,field_crops,production,Termelés,t,26908.0,Field_Crop_Supply_Balance.xlsx,19.1.1.22.,Peas 2023,"Total harvested production, tonne"
2023,peas,Borsó,field_crops,production,Termelés,t,26908.0,Field_Crop_Supply_Balance.xlsx,19.1.1.22.,Peas 2023,Total harvested production
2023,peas,Borsó,field_crops,seed_use,Vetőmag-felhasználás,t,285828.0,Field_Crop_Supply_Balance.xlsx,19.1.1.22.,Peas 2023,seed for sowing | – | – | ... | ... | ...
2023,peas,Borsó,field_crops,total_resource,Összes forrás,t,41937.0,Field_Crop_Supply_Balance.xlsx,19.1.1.22.,Peas 2023,Total resource
2023,peas,Borsó,field_crops,total_use,Összes felhasználás,t,41937.0,Field_Crop_Supply_Balance.xlsx,19.1.1.22.,Peas 2023,Total use
2023,peas,Borsó,field_crops,yield,Termésátlag,ha,2250.0,Field_Crop_Supply_Balance.xlsx,19.1.1.22.,Peas 2023,"Average yield, kilogram/hectare"
2023,potato,Burgonya,field_crops,closing_stock,Zárókészlet,t,228072.0,Field_Crop_Supply_Balance.xlsx,19.1.1.22.,Potatoes 2023,"Closing stock, 31 December"
2023,potato,Burgonya,field_crops,exports,Export,t,32.0,Field_Crop_Supply_Balance.xlsx,19.1.1.22.,Potatoes 2023,Direct exports
2023,potato,Burgonya,field_crops,food_use,Élelmezési felhasználás,t,217605.0,Field_Crop_Supply_Balance.xlsx,19.1.1.22.,Potatoes 2023,"for human consumption and for industrial purposes, fodder"
2023,potato,Burgonya,field_crops,harvested_area,Betakarított terület,ha,7570.0,Field_Crop_Supply_Balance.xlsx,19.1.1.22.,Potatoes 2023,"Harvested area, hectare"
2023,potato,Burgonya,field_crops,industrial_use,Ipari felhasználás,t,238.0,Field_Crop_Supply_Balance.xlsx,19.1.1.22.,Potatoes 2023,Processing
2023,potato,Burgonya,field_crops,intermediate_consumption,Folyó termelőfelhasználás,t,7952.0,Field_Crop_Supply_Balance.xlsx,19.1.1.22.,Potatoes 2023,Intermediate consumption
2023,potato,Burgonya,field_crops,loss,Veszteség,t,2349.0,Field_Crop_Supply_Balance.xlsx,19.1.1.22.,Potatoes 2023,Loss
2023,potato,Burgonya,field_crops,market_price,Piaci ár,huf_kg,401.0,Field_Crop_Supply_Balance.xlsx,19.1.1.22.,Potatoes 2023,"Average market price, HUF per kilogram | .."
2023,potato,Burgonya,field_crops,opening_stock,Nyitókészlet,t,226348.0,Field_Crop_Supply_Balance.xlsx,19.1.1.22.,Potatoes 2023,Initial stock
2023,potato,Burgonya,field_crops,other_use,Egyéb felhasználás,t,110828.0,Field_Crop_Supply_Balance.xlsx,19.1.1.22.,Potatoes 2023,other sales
2023,potato,Burgonya,field_crops,procurement_price,Felvásárlási ár,huf_t,217605.0,Field_Crop_Supply_Balance.xlsx,19.1.1.22.,Potatoes 2023,"Average procurement price, HUF per tonne"
2023,potato,Burgonya,field_crops,production,Termelés,t,209954.0,Field_Crop_Supply_Balance.xlsx,19.1.1.22.,Potatoes 2023,"Total harvested production, tonne"
2023,potato,Burgonya,field_crops,production,Termelés,t,209954.0,Field_Crop_Supply_Balance.xlsx,19.1.1.22.,Potatoes 2023,Total harvested production
2023,potato,Burgonya,field_crops,total_resource,Összes forrás,t,436302.0,Field_Crop_Supply_Balance.xlsx,19.1.1.22.,Potatoes 2023,Total resource
2023,potato,Burgonya,field_crops,total_use,Összes felhasználás,t,436302.0,Field_Crop_Supply_Balance.xlsx,19.1.1.22.,Potatoes 2023,Total use
2023,potato,Burgonya,field_crops,yield,Termésátlag,ha,23960.0,Field_Crop_Supply_Balance.xlsx,19.1.1.22.,Potatoes 2023,"Average yield, kilogram/hectare"
2023,rapeseed,Repce,field_crops,closing_stock,Zárókészlet,t,265287.0,Field_Crop_Supply_Balance.xlsx,19.1.1.22.,Rape seed 2023,"Closing stock, 31 December"
2023,rapeseed,Repce,field_crops,exports,Export,t,7169.0,Field_Crop_Supply_Balance.xlsx,19.1.1.22.,Rape seed 2023,Direct exports
2023,rapeseed,Repce,field_crops,feed_use,Takarmányozás,t,133293.0,Field_Crop_Supply_Balance.xlsx,19.1.1.22.,Rape seed 2023,fodder | – | – | – | – | –
2023,rapeseed,Repce,field_crops,food_use,Élelmezési felhasználás,t,180640.0,Field_Crop_Supply_Balance.xlsx,19.1.1.22.,Rape seed 2023,"for human consumption and for industrial purposes, fodder"
2023,rapeseed,Repce,field_crops,harvested_area,Betakarított terület,ha,188779.0,Field_Crop_Supply_Balance.xlsx,19.1.1.22.,Rape seed 2023,"Harvested area, hectare"
2023,rapeseed,Repce,field_crops,industrial_use,Ipari felhasználás,t,2757.0,Field_Crop_Supply_Balance.xlsx,19.1.1.22.,Rape seed 2023,Processing
2023,rapeseed,Repce,field_crops,intermediate_consumption,Folyó termelőfelhasználás,t,1039.0,Field_Crop_Supply_Balance.xlsx,19.1.1.22.,Rape seed 2023,Intermediate consumption
2023,rapeseed,Repce,field_crops,loss,Veszteség,t,1355.0,Field_Crop_Supply_Balance.xlsx,19.1.1.22.,Rape seed 2023,Loss
2023,rapeseed,Repce,field_crops,opening_stock,Nyitókészlet,t,147377.0,Field_Crop_Supply_Balance.xlsx,19.1.1.22.,Rape seed 2023,Initial stock
2023,rapeseed,Repce,field_crops,other_use,Egyéb felhasználás,t,133120.0,Field_Crop_Supply_Balance.xlsx,19.1.1.22.,Rape seed 2023,other sales
2023,rapeseed,Repce,field_crops,procurement_price,Felvásárlási ár,huf_t,162510.0,Field_Crop_Supply_Balance.xlsx,19.1.1.22.,Rape seed 2023,"Average procurement price, HUF per tonne"
2023,rapeseed,Repce,field_crops,production,Termelés,t,626410.0,Field_Crop_Supply_Balance.xlsx,19.1.1.22.,Rape seed 2023,"Total harvested production, tonne"
2023,rapeseed,Repce,field_crops,production,Termelés,t,626410.0,Field_Crop_Supply_Balance.xlsx,19.1.1.22.,Rape seed 2023,Total harvested production
2023,rapeseed,Repce,field_crops,total_resource,Összes forrás,t,773787.0,Field_Crop_Supply_Balance.xlsx,19.1.1.22.,Rape seed 2023,Total resource
2023,rapeseed,Repce,field_crops,total_use,Összes felhasználás,t,773787.0,Field_Crop_Supply_Balance.xlsx,19.1.1.22.,Rape seed 2023,Total use
2023,rapeseed,Repce,field_crops,yield,Termésátlag,ha,3320.0,Field_Crop_Supply_Balance.xlsx,19.1.1.22.,Rape seed 2023,"Average yield, kilogram/hectare"
2023,soybean,Szója,field_crops,closing_stock,Zárókészlet,t,43751.0,Field_Crop_Supply_Balance.xlsx,19.1.1.22.,Soya-bean 2023,Closing stock | – | – | – | – | –
2023,soybean,Szója,field_crops,exports,Export,t,160772.0,Field_Crop_Supply_Balance.xlsx,19.1.1.22.,Soya-bean 2023,Exports | – | – | – | – | –
2023,soybean,Szója,field_crops,feed_use,Takarmányozás,t,22833.0,Field_Crop_Supply_Balance.xlsx,19.1.1.22.,Soya-bean 2023,Feed consumption | – | – | – | – | –
2023,soybean,Szója,field_crops,food_use,Élelmezési felhasználás,t,176412.0,Field_Crop_Supply_Balance.xlsx,19.1.1.22.,Soya-bean 2023,"for human consumption and for industrial purposes, fodder"
2023,soybean,Szója,field_crops,food_use,Élelmezési felhasználás,t,15978.0,Field_Crop_Supply_Balance.xlsx,19.1.1.22.,Soya-bean 2023,domestic food consumption | – | – | – | – | –
2023,soybean,Szója,field_crops,harvested_area,Betakarított terület,ha,58138.0,Field_Crop_Supply_Balance.xlsx,19.1.1.22.,Soya-bean 2023,"Harvested area, hectare"
2023,soybean,Szója,field_crops,imports,Import,t,180731.0,Field_Crop_Supply_Balance.xlsx,19.1.1.22.,Soya-bean 2023,Imports | – | – | – | – | –
2023,soybean,Szója,field_crops,industrial_use,Ipari felhasználás,t,52372.0,Field_Crop_Supply_Balance.xlsx,19.1.1.22.,Soya-bean 2023,Industrial processing | – | – | – | – | –
2023,soybean,Szója,field_crops,loss,Veszteség,t,997.0,Field_Crop_Supply_Balance.xlsx,19.1.1.22.,Soya-bean 2023,Loss | – | – | – | – | –
2023,soybean,Szója,field_crops,opening_stock,Nyitókészlet,t,37826.0,Field_Crop_Supply_Balance.xlsx,19.1.1.22.,Soya-bean 2023,Initial stock | – | – | – | – | –
2023,soybean,Szója,field_crops,other_use,Egyéb felhasználás,t,105889.0,Field_Crop_Supply_Balance.xlsx,19.1.1.22.,Soya-bean 2023,Other consumption | – | – | – | – | –
2023,soybean,Szója,field_crops,procurement_price,Felvásárlási ár,huf_t,174671.0,Field_Crop_Supply_Balance.xlsx,19.1.1.22.,Soya-bean 2023,"Average procurement price, HUF per tonne"
2023,soybean,Szója,field_crops,production,Termelés,t,173312.0,Field_Crop_Supply_Balance.xlsx,19.1.1.22.,Soya-bean 2023,"Total harvested production, tonne"
2023,soybean,Szója,field_crops,production,Termelés,t,173312.0,Field_Crop_Supply_Balance.xlsx,19.1.1.22.,Soya-bean 2023,Total harvested production | – | – | – | – | –
2023,soybean,Szója,field_crops,seed_use,Vetőmag-felhasználás,t,164538.0,Field_Crop_Supply_Balance.xlsx,19.1.1.22.,Soya-bean 2023,seed for sowing | – | – | ... | ... | ...
2023,soybean,Szója,field_crops,seed_use,Vetőmag-felhasználás,t,5255.0,Field_Crop_Supply_Balance.xlsx,19.1.1.22.,Soya-bean 2023,Seed consumption for sowing | – | – | – | – | –
2023,soybean,Szója,field_crops,total_resource,Összes forrás,t,391869.0,Field_Crop_Supply_Balance.xlsx,19.1.1.22.,Soya-bean 2023,Total resource | – | – | – | – | –
2023,soybean,Szója,field_crops,total_use,Összes felhasználás,t,391869.0,Field_Crop_Supply_Balance.xlsx,19.1.1.22.,Soya-bean 2023,Total use | – | – | – | – | –
2023,soybean,Szója,field_crops,yield,Termésátlag,ha,2980.0,Field_Crop_Supply_Balance.xlsx,19.1.1.22.,Soya-bean 2023,"Average yield, kilogram/hectare"
2023,sugar_beet,Cukorrépa,field_crops,closing_stock,Zárókészlet,t,386147.0,Field_Crop_Supply_Balance.xlsx,19.1.1.22.,Sugar beet 2023,"Closing stock, 31 December"
2023,sugar_beet,Cukorrépa,field_crops,exports,Export,t,943.0,Field_Crop_Supply_Balance.xlsx,19.1.1.22.,Sugar beet 2023,Direct exports
2023,sugar_beet,Cukorrépa,field_crops,harvested_area,Betakarított terület,ha,14283.0,Field_Crop_Supply_Balance.xlsx,19.1.1.22.,Sugar beet 2023,"Harvested area, hectare"
2023,sugar_beet,Cukorrépa,field_crops,intermediate_consumption,Folyó termelőfelhasználás,t,9041.0,Field_Crop_Supply_Balance.xlsx,19.1.1.22.,Sugar beet 2023,Intermediate consumption
2023,sugar_beet,Cukorrépa,field_crops,loss,Veszteség,t,762.0,Field_Crop_Supply_Balance.xlsx,19.1.1.22.,Sugar beet 2023,Loss
2023,sugar_beet,Cukorrépa,field_crops,opening_stock,Nyitókészlet,t,161953.0,Field_Crop_Supply_Balance.xlsx,19.1.1.22.,Sugar beet 2023,Initial stock
2023,sugar_beet,Cukorrépa,field_crops,other_use,Egyéb felhasználás,t,45933.0,Field_Crop_Supply_Balance.xlsx,19.1.1.22.,Sugar beet 2023,other sales
2023,sugar_beet,Cukorrépa,field_crops,production,Termelés,t,875973.0,Field_Crop_Supply_Balance.xlsx,19.1.1.22.,Sugar beet 2023,"Total harvested production, tonne"
2023,sugar_beet,Cukorrépa,field_crops,production,Termelés,t,875973.0,Field_Crop_Supply_Balance.xlsx,19.1.1.22.,Sugar beet 2023,Total harvested production
2023,sugar_beet,Cukorrépa,field_crops,total_resource,Összes forrás,t,1037926.0,Field_Crop_Supply_Balance.xlsx,19.1.1.22.,Sugar beet 2023,Total resource
2023,sugar_beet,Cukorrépa,field_crops,total_use,Összes felhasználás,t,1037926.0,Field_Crop_Supply_Balance.xlsx,19.1.1.22.,Sugar beet 2023,Total use
2023,sugar_beet,Cukorrépa,field_crops,yield,Termésátlag,ha,61330.0,Field_Crop_Supply_Balance.xlsx,19.1.1.22.,Sugar beet 2023,"Average yield, kilogram/hectare"
2023,sunflower,Napraforgó,field_crops,closing_stock,Zárókészlet,t,1076453.0,Field_Crop_Supply_Balance.xlsx,19.1.1.22.,Sunflower seed 2023,Closing stock | – | – | – | – | –
2023,sunflower,Napraforgó,field_crops,exports,Export,t,207615.0,Field_Crop_Supply_Balance.xlsx,19.1.1.22.,Sunflower seed 2023,Exports | – | – | – | – | –
2023,sunflower,Napraforgó,field_crops,feed_use,Takarmányozás,t,125283.0,Field_Crop_Supply_Balance.xlsx,19.1.1.22.,Sunflower seed 2023,fodder | – | – | – | – | –
2023,sunflower,Napraforgó,field_crops,feed_use,Takarmányozás,t,77850.0,Field_Crop_Supply_Balance.xlsx,19.1.1.22.,Sunflower seed 2023,Feed consumption | – | – | – | – | –
2023,sunflower,Napraforgó,field_crops,food_use,Élelmezési felhasználás,t,185241.0,Field_Crop_Supply_Balance.xlsx,19.1.1.22.,Sunflower seed 2023,for human consumption | – | – | – | – | –
2023,sunflower,Napraforgó,field_crops,food_use,Élelmezési felhasználás,t,5.0,Field_Crop_Supply_Balance.xlsx,19.1.1.22.,Sunflower seed 2023,Personal consumption | – | – | – | – | –
2023,sunflower,Napraforgó,field_crops,food_use,Élelmezési felhasználás,t,594945.0,Field_Crop_Supply_Balance.xlsx,19.1.1.22.,Sunflower seed 2023,domestic food consumption | – | – | – | – | –
2023,sunflower,Napraforgó,field_crops,harvested_area,Betakarított terület,ha,674202.0,Field_Crop_Supply_Balance.xlsx,19.1.1.22.,Sunflower seed 2023,"Harvested area, hectare"
2023,sunflower,Napraforgó,field_crops,imports,Import,t,341385.0,Field_Crop_Supply_Balance.xlsx,19.1.1.22.,Sunflower seed 2023,Imports | – | – | – | – | –
2023,sunflower,Napraforgó,field_crops,industrial_use,Ipari felhasználás,t,141111.0,Field_Crop_Supply_Balance.xlsx,19.1.1.22.,Sunflower seed 2023,for industrial purposes | – | – | – | – | –
2023,sunflower,Napraforgó,field_crops,industrial_use,Ipari felhasználás,t,1714938.0,Field_Crop_Supply_Balance.xlsx,19.1.1.22.,Sunflower seed 2023,Industrial processing | – | – | – | – | –
2023,sunflower,Napraforgó,field_crops,loss,Veszteség,t,11055.0,Field_Crop_Supply_Balance.xlsx,19.1.1.22.,Sunflower seed 2023,Loss | – | – | – | – | –
2023,sunflower,Napraforgó,field_crops,opening_stock,Nyitókészlet,t,783166.0,Field_Crop_Supply_Balance.xlsx,19.1.1.22.,Sunflower seed 2023,Initial stock | – | – | – | – | –
2023,sunflower,Napraforgó,field_crops,procurement_price,Felvásárlási ár,huf_t,143084.0,Field_Crop_Supply_Balance.xlsx,19.1.1.22.,Sunflower seed 2023,"Average procurement price, HUF per tonne"
2023,sunflower,Napraforgó,field_crops,production,Termelés,t,1970150.0,Field_Crop_Supply_Balance.xlsx,19.1.1.22.,Sunflower seed 2023,"Total harvested production, tonne"
2023,sunflower,Napraforgó,field_crops,production,Termelés,t,1970150.0,Field_Crop_Supply_Balance.xlsx,19.1.1.22.,Sunflower seed 2023,Total harvested production | – | – | – | – | –
2023,sunflower,Napraforgó,field_crops,seed_use,Vetőmag-felhasználás,t,342847.0,Field_Crop_Supply_Balance.xlsx,19.1.1.22.,Sunflower seed 2023,seed for sowing | – | – | ... | ... | ...
2023,sunflower,Napraforgó,field_crops,seed_use,Vetőmag-felhasználás,t,6785.0,Field_Crop_Supply_Balance.xlsx,19.1.1.22.,Sunflower seed 2023,Seed consumption for sowing | – | – | – | – | –
2023,sunflower,Napraforgó,field_crops,total_resource,Összes forrás,t,3094701.0,Field_Crop_Supply_Balance.xlsx,19.1.1.22.,Sunflower seed 2023,Total resource | – | – | – | – | –
2023,sunflower,Napraforgó,field_crops,total_use,Összes felhasználás,t,3094701.0,Field_Crop_Supply_Balance.xlsx,19.1.1.22.,Sunflower seed 2023,Total use | – | – | – | – | –
2023,sunflower,Napraforgó,field_crops,yield,Termésátlag,ha,2920.0,Field_Crop_Supply_Balance.xlsx,19.1.1.22.,Sunflower seed 2023,"Average yield, kilogram/hectare"
2024,barley,Árpa,cereals,closing_stock,Zárókészlet,t,362126.0,Cereal_Supply_Balance.xlsx,19.1.1.21.,Barley 2024,Closing stock
2024,barley,Árpa,cereals,exports,Export,t,896574.0,Cereal_Supply_Balance.xlsx,19.1.1.21.,Barley 2024,Exports
2024,barley,Árpa,cereals,feed_use,Takarmányozás,t,56126.0,Cereal_Supply_Balance.xlsx,19.1.1.21.,Barley 2024,fodder | – | – | – | – | –
2024,barley,Árpa,cereals,feed_use,Takarmányozás,t,668882.0,Cereal_Supply_Balance.xlsx,19.1.1.21.,Barley 2024,Feed consumption
2024,barley,Árpa,cereals,food_use,Élelmezési felhasználás,t,58247.0,Cereal_Supply_Balance.xlsx,19.1.1.21.,Barley 2024,for human consumption and for industrial purposes | – | – | – | – | –
2024,barley,Árpa,cereals,food_use,Élelmezési felhasználás,t,26039.0,Cereal_Supply_Balance.xlsx,19.1.1.21.,Barley 2024,domestic food consumption
2024,barley,Árpa,cereals,harvested_area,Betakarított terület,ha,285241.0,Cereal_Supply_Balance.xlsx,19.1.1.21.,Barley 2024,"Harvested area, hectare"
2024,barley,Árpa,cereals,imports,Import,t,15887.0,Cereal_Supply_Balance.xlsx,19.1.1.21.,Barley 2024,Imports
2024,barley,Árpa,cereals,industrial_use,Ipari felhasználás,t,112082.0,Cereal_Supply_Balance.xlsx,19.1.1.21.,Barley 2024,Industrial processing
2024,barley,Árpa,cereals,loss,Veszteség,t,3778.0,Cereal_Supply_Balance.xlsx,19.1.1.21.,Barley 2024,Loss
2024,barley,Árpa,cereals,opening_stock,Nyitókészlet,t,546864.0,Cereal_Supply_Balance.xlsx,19.1.1.21.,Barley 2024,Initial stock
2024,barley,Árpa,cereals,procurement_price,Felvásárlási ár,huf_t,56381.0,Cereal_Supply_Balance.xlsx,19.1.1.21.,Barley 2024,"Average procurement price, HUF per tonne | – | – | – | – | –"
2024,barley,Árpa,cereals,production,Termelés,t,1554565.0,Cereal_Supply_Balance.xlsx,19.1.1.21.,Barley 2024,"Total harvested production, tonne"
2024,barley,Árpa,cereals,production,Termelés,t,1554565.0,Cereal_Supply_Balance.xlsx,19.1.1.21.,Barley 2024,Total harvested production
2024,barley,Árpa,cereals,seed_use,Vetőmag-felhasználás,t,93333.0,Cereal_Supply_Balance.xlsx,19.1.1.21.,Barley 2024,seed for sowing | – | – | – | – | –
2024,barley,Árpa,cereals,seed_use,Vetőmag-felhasználás,t,73874.0,Cereal_Supply_Balance.xlsx,19.1.1.21.,Barley 2024,Seed consumption for sowing
2024,barley,Árpa,cereals,total_resource,Összes forrás,t,2117316.0,Cereal_Supply_Balance.xlsx,19.1.1.21.,Barley 2024,Total resource
2024,barley,Árpa,cereals,total_use,Összes felhasználás,t,2117316.0,Cereal_Supply_Balance.xlsx,19.1.1.21.,Barley 2024,Total use
2024,barley,Árpa,cereals,yield,Termésátlag,ha,5450.0,Cereal_Supply_Balance.xlsx,19.1.1.21.,Barley 2024,"Average yield, kilogram/hectare"
2024,cereals_total,Gabonafélék összesen,cereals,closing_stock,Zárókészlet,t,7588889.0,Cereal_Supply_Balance.xlsx,19.1.1.21.,"Cereals, total 2024",Closing stock
2024,cereals_total,Gabonafélék összesen,cereals,exports,Export,t,6778427.0,Cereal_Supply_Balance.xlsx,19.1.1.21.,"Cereals, total 2024",Exports
2024,cereals_total,Gabonafélék összesen,cereals,feed_use,Takarmányozás,t,4449818.0,Cereal_Supply_Balance.xlsx,19.1.1.21.,"Cereals, total 2024",Feed consumption
2024,cereals_total,Gabonafélék összesen,cereals,food_use,Élelmezési felhasználás,t,1671318.0,Cereal_Supply_Balance.xlsx,19.1.1.21.,"Cereals, total 2024",domestic food consumption
2024,cereals_total,Gabonafélék összesen,cereals,harvested_area,Betakarított terület,ha,2253999.0,Cereal_Supply_Balance.xlsx,19.1.1.21.,"Cereals, total 2024","Harvested area, hectare"
2024,cereals_total,Gabonafélék összesen,cereals,imports,Import,t,425184.0,Cereal_Supply_Balance.xlsx,19.1.1.21.,"Cereals, total 2024",Imports
2024,cereals_total,Gabonafélék összesen,cereals,industrial_use,Ipari felhasználás,t,3745304.0,Cereal_Supply_Balance.xlsx,19.1.1.21.,"Cereals, total 2024",Industrial processing
2024,cereals_total,Gabonafélék összesen,cereals,loss,Veszteség,t,62060.0,Cereal_Supply_Balance.xlsx,19.1.1.21.,"Cereals, total 2024",Loss
2024,cereals_total,Gabonafélék összesen,cereals,opening_stock,Nyitókészlet,t,9880513.0,Cereal_Supply_Balance.xlsx,19.1.1.21.,"Cereals, total 2024",Initial stock
2024,cereals_total,Gabonafélék összesen,cereals,other_use,Egyéb felhasználás,t,3440.0,Cereal_Supply_Balance.xlsx,19.1.1.21.,"Cereals, total 2024",Other consumption
2024,cereals_total,Gabonafélék összesen,cereals,production,Termelés,t,12720302.0,Cereal_Supply_Balance.xlsx,19.1.1.21.,"Cereals, total 2024","Total harvested production, tonne"
2024,cereals_total,Gabonafélék összesen,cereals,production,Termelés,t,12720302.0,Cereal_Supply_Balance.xlsx,19.1.1.21.,"Cereals, total 2024",Total harvested production
2024,cereals_total,Gabonafélék összesen,cereals,seed_use,Vetőmag-felhasználás,t,398061.0,Cereal_Supply_Balance.xlsx,19.1.1.21.,"Cereals, total 2024",Seed consumption for sowing
2024,cereals_total,Gabonafélék összesen,cereals,total_resource,Összes forrás,t,23025999.0,Cereal_Supply_Balance.xlsx,19.1.1.21.,"Cereals, total 2024",Total resource
2024,cereals_total,Gabonafélék összesen,cereals,total_use,Összes felhasználás,t,23025999.0,Cereal_Supply_Balance.xlsx,19.1.1.21.,"Cereals, total 2024",Total use
2024,cereals_total,Gabonafélék összesen,cereals,yield,Termésátlag,ha,5640.0,Cereal_Supply_Balance.xlsx,19.1.1.21.,"Cereals, total 2024","Average yield, kilogram/hectare"
2024,maize,Kukorica,cereals,closing_stock,Zárókészlet,t,3834526.0,Cereal_Supply_Balance.xlsx,19.1.1.21.,Maize 2024,Closing stock
2024,maize,Kukorica,cereals,exports,Export,t,2101657.0,Cereal_Supply_Balance.xlsx,19.1.1.21.,Maize 2024,Exports
2024,maize,Kukorica,cereals,feed_use,Takarmányozás,t,66641.0,Cereal_Supply_Balance.xlsx,19.1.1.21.,Maize 2024,fodder | – | – | – | – | –
2024,maize,Kukorica,cereals,feed_use,Takarmányozás,t,2335748.0,Cereal_Supply_Balance.xlsx,19.1.1.21.,Maize 2024,Feed consumption
2024,maize,Kukorica,cereals,food_use,Élelmezési felhasználás,t,67639.0,Cereal_Supply_Balance.xlsx,19.1.1.21.,Maize 2024,for human consumption and for industrial purposes | – | – | – | – | –
2024,maize,Kukorica,cereals,food_use,Élelmezési felhasználás,t,314252.0,Cereal_Supply_Balance.xlsx,19.1.1.21.,Maize 2024,domestic food consumption
2024,maize,Kukorica,cereals,harvested_area,Betakarított terület,ha,883060.0,Cereal_Supply_Balance.xlsx,19.1.1.21.,Maize 2024,"Harvested area, hectare"
2024,maize,Kukorica,cereals,imports,Import,t,198820.0,Cereal_Supply_Balance.xlsx,19.1.1.21.,Maize 2024,Imports
2024,maize,Kukorica,cereals,industrial_use,Ipari felhasználás,t,2199595.0,Cereal_Supply_Balance.xlsx,19.1.1.21.,Maize 2024,Industrial processing
2024,maize,Kukorica,cereals,loss,Veszteség,t,31531.0,Cereal_Supply_Balance.xlsx,19.1.1.21.,Maize 2024,Loss
2024,maize,Kukorica,cereals,opening_stock,Nyitókészlet,t,5002216.0,Cereal_Supply_Balance.xlsx,19.1.1.21.,Maize 2024,Initial stock
2024,maize,Kukorica,cereals,procurement_price,Felvásárlási ár,huf_t,69256.0,Cereal_Supply_Balance.xlsx,19.1.1.21.,Maize 2024,"Average procurement price, HUF per tonne | – | – | – | – | –"
2024,maize,Kukorica,cereals,production,Termelés,t,5328706.0,Cereal_Supply_Balance.xlsx,19.1.1.21.,Maize 2024,"Total harvested production, tonne"
2024,maize,Kukorica,cereals,production,Termelés,t,5328706.0,Cereal_Supply_Balance.xlsx,19.1.1.21.,Maize 2024,Total harvested production
2024,maize,Kukorica,cereals,seed_use,Vetőmag-felhasználás,t,464760.0,Cereal_Supply_Balance.xlsx,19.1.1.21.,Maize 2024,seed for sowing | – | – | – | – | –
2024,maize,Kukorica,cereals,seed_use,Vetőmag-felhasználás,t,26685.0,Cereal_Supply_Balance.xlsx,19.1.1.21.,Maize 2024,Seed consumption for sowing
2024,maize,Kukorica,cereals,total_resource,Összes forrás,t,10529742.0,Cereal_Supply_Balance.xlsx,19.1.1.21.,Maize 2024,Total resource
2024,maize,Kukorica,cereals,total_use,Összes felhasználás,t,10529742.0,Cereal_Supply_Balance.xlsx,19.1.1.21.,Maize 2024,Total use
2024,maize,Kukorica,cereals,yield,Termésátlag,ha,6030.0,Cereal_Supply_Balance.xlsx,19.1.1.21.,Maize 2024,"Average yield, kilogram/hectare"
2024,oats,Zab,cereals,closing_stock,Zárókészlet,t,13989.0,Cereal_Supply_Balance.xlsx,19.1.1.21.,Oats 2024,Closing stock
2024,oats,Zab,cereals,exports,Export,t,15060.0,Cereal_Supply_Balance.xlsx,19.1.1.21.,Oats 2024,Exports
2024,oats,Zab,cereals,feed_use,Takarmányozás,t,64298.0,Cereal_Supply_Balance.xlsx,19.1.1.21.,Oats 2024,fodder | – | – | – | – | –
2024,oats,Zab,cereals,feed_use,Takarmányozás,t,54768.0,Cereal_Supply_Balance.xlsx,19.1.1.21.,Oats 2024,Feed consumption
2024,oats,Zab,cereals,food_use,Élelmezési felhasználás,t,1419.0,Cereal_Supply_Balance.xlsx,19.1.1.21.,Oats 2024,domestic food consumption
2024,oats,Zab,cereals,harvested_area,Betakarított terület,ha,25505.0,Cereal_Supply_Balance.xlsx,19.1.1.21.,Oats 2024,"Harvested area, hectare"
2024,oats,Zab,cereals,imports,Import,t,5172.0,Cereal_Supply_Balance.xlsx,19.1.1.21.,Oats 2024,Imports
2024,oats,Zab,cereals,industrial_use,Ipari felhasználás,t,4019.0,Cereal_Supply_Balance.xlsx,19.1.1.21.,Oats 2024,Industrial processing
2024,oats,Zab,cereals,loss,Veszteség,t,483.0,Cereal_Supply_Balance.xlsx,19.1.1.21.,Oats 2024,Loss
2024,oats,Zab,cereals,opening_stock,Nyitókészlet,t,10901.0,Cereal_Supply_Balance.xlsx,19.1.1.21.,Oats 2024,Initial stock
2024,oats,Zab,cereals,procurement_price,Felvásárlási ár,huf_t,69389.0,Cereal_Supply_Balance.xlsx,19.1.1.21.,Oats 2024,"Average procurement price, HUF per tonne | – | – | – | – | –"
2024,oats,Zab,cereals,production,Termelés,t,77133.0,Cereal_Supply_Balance.xlsx,19.1.1.21.,Oats 2024,"Total harvested production, tonne"
2024,oats,Zab,cereals,production,Termelés,t,77133.0,Cereal_Supply_Balance.xlsx,19.1.1.21.,Oats 2024,Total harvested production
2024,oats,Zab,cereals,seed_use,Vetőmag-felhasználás,t,237820.0,Cereal_Supply_Balance.xlsx,19.1.1.21.,Oats 2024,seed for sowing | – | – | – | – | –
2024,oats,Zab,cereals,seed_use,Vetőmag-felhasználás,t,4887.0,Cereal_Supply_Balance.xlsx,19.1.1.21.,Oats 2024,Seed consumption for sowing
2024,oats,Zab,cereals,total_resource,Összes forrás,t,93206.0,Cereal_Supply_Balance.xlsx,19.1.1.21.,Oats 2024,Total resource
2024,oats,Zab,cereals,total_use,Összes felhasználás,t,93206.0,Cereal_Supply_Balance.xlsx,19.1.1.21.,Oats 2024,Total use
2024,oats,Zab,cereals,yield,Termésátlag,ha,3020.0,Cereal_Supply_Balance.xlsx,19.1.1.21.,Oats 2024,"Average yield, kilogram/hectare"
2024,rice,Rizs,cereals,closing_stock,Zárókészlet,t,5021.0,Cereal_Supply_Balance.xlsx,19.1.1.21.,Rice 2024,Closing stock
2024,rice,Rizs,cereals,exports,Export,t,4792.0,Cereal_Supply_Balance.xlsx,19.1.1.21.,Rice 2024,Exports
2024,rice,Rizs,cereals,food_use,Élelmezési felhasználás,t,177793.0,Cereal_Supply_Balance.xlsx,19.1.1.21.,Rice 2024,for human consumption and for industrial purposes | – | – | – | – | –
2024,rice,Rizs,cereals,food_use,Élelmezési felhasználás,t,45170.0,Cereal_Supply_Balance.xlsx,19.1.1.21.,Rice 2024,domestic food consumption
2024,rice,Rizs,cereals,harvested_area,Betakarított terület,ha,2357.0,Cereal_Supply_Balance.xlsx,19.1.1.21.,Rice 2024,"Harvested area, hectare"
2024,rice,Rizs,cereals,imports,Import,t,40126.0,Cereal_Supply_Balance.xlsx,19.1.1.21.,Rice 2024,Imports
2024,rice,Rizs,cereals,industrial_use,Ipari felhasználás,t,45170.0,Cereal_Supply_Balance.xlsx,19.1.1.21.,Rice 2024,Industrial processing
2024,rice,Rizs,cereals,loss,Veszteség,t,86.0,Cereal_Supply_Balance.xlsx,19.1.1.21.,Rice 2024,Loss
2024,rice,Rizs,cereals,opening_stock,Nyitókészlet,t,6782.000000000001,Cereal_Supply_Balance.xlsx,19.1.1.21.,Rice 2024,Initial stock
2024,rice,Rizs,cereals,procurement_price,Felvásárlási ár,huf_t,180030.0,Cereal_Supply_Balance.xlsx,19.1.1.21.,Rice 2024,"Average procurement price, HUF per tonne | – | – | – | – | –"
2024,rice,Rizs,cereals,production,Termelés,t,8562.0,Cereal_Supply_Balance.xlsx,19.1.1.21.,Rice 2024,"Total harvested production, tonne"
2024,rice,Rizs,cereals,production,Termelés,t,8562.0,Cereal_Supply_Balance.xlsx,19.1.1.21.,Rice 2024,Total harvested production
2024,rice,Rizs,cereals,seed_use,Vetőmag-felhasználás,t,401.0,Cereal_Supply_Balance.xlsx,19.1.1.21.,Rice 2024,Seed consumption for sowing
2024,rice,Rizs,cereals,total_resource,Összes forrás,t,55470.0,Cereal_Supply_Balance.xlsx,19.1.1.21.,Rice 2024,Total resource
2024,rice,Rizs,cereals,total_use,Összes felhasználás,t,55470.0,Cereal_Supply_Balance.xlsx,19.1.1.21.,Rice 2024,Total use
2024,rice,Rizs,cereals,yield,Termésátlag,ha,3630.0,Cereal_Supply_Balance.xlsx,19.1.1.21.,Rice 2024,"Average yield, kilogram/hectare"
2024,rye,Rozs,cereals,closing_stock,Zárókészlet,t,13295.0,Cereal_Supply_Balance.xlsx,19.1.1.21.,Rye 2024,Closing stock
2024,rye,Rozs,cereals,exports,Export,t,10178.0,Cereal_Supply_Balance.xlsx,19.1.1.21.,Rye 2024,Exports
2024,rye,Rozs,cereals,feed_use,Takarmányozás,t,52492.0,Cereal_Supply_Balance.xlsx,19.1.1.21.,Rye 2024,fodder | – | – | – | – | –
2024,rye,Rozs,cereals,feed_use,Takarmányozás,t,52886.0,Cereal_Supply_Balance.xlsx,19.1.1.21.,Rye 2024,Feed consumption
2024,rye,Rozs,cereals,food_use,Élelmezési felhasználás,t,57526.0,Cereal_Supply_Balance.xlsx,19.1.1.21.,Rye 2024,for human consumption and for industrial purposes | – | – | – | – | –
2024,rye,Rozs,cereals,food_use,Élelmezési felhasználás,t,12022.0,Cereal_Supply_Balance.xlsx,19.1.1.21.,Rye 2024,domestic food consumption
2024,rye,Rozs,cereals,harvested_area,Betakarított terület,ha,22633.0,Cereal_Supply_Balance.xlsx,19.1.1.21.,Rye 2024,"Harvested area, hectare"
2024,rye,Rozs,cereals,imports,Import,t,1472.0,Cereal_Supply_Balance.xlsx,19.1.1.21.,Rye 2024,Imports
2024,rye,Rozs,cereals,industrial_use,Ipari felhasználás,t,12022.0,Cereal_Supply_Balance.xlsx,19.1.1.21.,Rye 2024,Industrial processing
2024,rye,Rozs,cereals,loss,Veszteség,t,200.0,Cereal_Supply_Balance.xlsx,19.1.1.21.,Rye 2024,Loss
2024,rye,Rozs,cereals,opening_stock,Nyitókészlet,t,24191.0,Cereal_Supply_Balance.xlsx,19.1.1.21.,Rye 2024,Initial stock
2024,rye,Rozs,cereals,procurement_price,Felvásárlási ár,huf_t,57241.0,Cereal_Supply_Balance.xlsx,19.1.1.21.,Rye 2024,"Average procurement price, HUF per tonne | – | – | – | – | –"
2024,rye,Rozs,cereals,production,Termelés,t,70820.0,Cereal_Supply_Balance.xlsx,19.1.1.21.,Rye 2024,"Total harvested production, tonne"
2024,rye,Rozs,cereals,production,Termelés,t,70820.0,Cereal_Supply_Balance.xlsx,19.1.1.21.,Rye 2024,Total harvested production
2024,rye,Rozs,cereals,seed_use,Vetőmag-felhasználás,t,122802.0,Cereal_Supply_Balance.xlsx,19.1.1.21.,Rye 2024,seed for sowing | – | – | – | – | –
2024,rye,Rozs,cereals,seed_use,Vetőmag-felhasználás,t,7902.0,Cereal_Supply_Balance.xlsx,19.1.1.21.,Rye 2024,Seed consumption for sowing
2024,rye,Rozs,cereals,total_resource,Összes forrás,t,96483.0,Cereal_Supply_Balance.xlsx,19.1.1.21.,Rye 2024,Total resource
2024,rye,Rozs,cereals,total_use,Összes felhasználás,t,96483.0,Cereal_Supply_Balance.xlsx,19.1.1.21.,Rye 2024,Total use
2024,rye,Rozs,cereals,yield,Termésátlag,ha,3130.0,Cereal_Supply_Balance.xlsx,19.1.1.21.,Rye 2024,"Average yield, kilogram/hectare"
2024,triticale,Tritikálé,cereals,closing_stock,Zárókészlet,t,76536.0,Cereal_Supply_Balance.xlsx,19.1.1.21.,Triticale 2024,Closing stock
2024,triticale,Tritikálé,cereals,exports,Export,t,3546.0,Cereal_Supply_Balance.xlsx,19.1.1.21.,Triticale 2024,Exports
2024,triticale,Tritikálé,cereals,feed_use,Takarmányozás,t,56937.0,Cereal_Supply_Balance.xlsx,19.1.1.21.,Triticale 2024,fodder | – | – | – | – | –
2024,triticale,Tritikálé,cereals,feed_use,Takarmányozás,t,219759.0,Cereal_Supply_Balance.xlsx,19.1.1.21.,Triticale 2024,Feed consumption
2024,triticale,Tritikálé,cereals,food_use,Élelmezési felhasználás,t,4557.0,Cereal_Supply_Balance.xlsx,19.1.1.21.,Triticale 2024,domestic food consumption
2024,triticale,Tritikálé,cereals,harvested_area,Betakarított terület,ha,56186.0,Cereal_Supply_Balance.xlsx,19.1.1.21.,Triticale 2024,"Harvested area, hectare"
2024,triticale,Tritikálé,cereals,imports,Import,t,2101.0,Cereal_Supply_Balance.xlsx,19.1.1.21.,Triticale 2024,Imports
2024,triticale,Tritikálé,cereals,industrial_use,Ipari felhasználás,t,4557.0,Cereal_Supply_Balance.xlsx,19.1.1.21.,Triticale 2024,Industrial processing
2024,triticale,Tritikálé,cereals,loss,Veszteség,t,1363.0,Cereal_Supply_Balance.xlsx,19.1.1.21.,Triticale 2024,Loss
2024,triticale,Tritikálé,cereals,opening_stock,Nyitókészlet,t,103170.0,Cereal_Supply_Balance.xlsx,19.1.1.21.,Triticale 2024,Initial stock
2024,triticale,Tritikálé,cereals,procurement_price,Felvásárlási ár,huf_t,57773.0,Cereal_Supply_Balance.xlsx,19.1.1.21.,Triticale 2024,"Average procurement price, HUF per tonne | – | – | – | – | –"
2024,triticale,Tritikálé,cereals,production,Termelés,t,218496.0,Cereal_Supply_Balance.xlsx,19.1.1.21.,Triticale 2024,"Total harvested production, tonne"
2024,triticale,Tritikálé,cereals,production,Termelés,t,218496.0,Cereal_Supply_Balance.xlsx,19.1.1.21.,Triticale 2024,Total harvested production
2024,triticale,Tritikálé,cereals,seed_use,Vetőmag-felhasználás,t,108082.0,Cereal_Supply_Balance.xlsx,19.1.1.21.,Triticale 2024,seed for sowing | – | – | – | – | –
2024,triticale,Tritikálé,cereals,seed_use,Vetőmag-felhasználás,t,18006.0,Cereal_Supply_Balance.xlsx,19.1.1.21.,Triticale 2024,Seed consumption for sowing
2024,triticale,Tritikálé,cereals,total_resource,Összes forrás,t,323767.0,Cereal_Supply_Balance.xlsx,19.1.1.21.,Triticale 2024,Total resource
2024,triticale,Tritikálé,cereals,total_use,Összes felhasználás,t,323767.0,Cereal_Supply_Balance.xlsx,19.1.1.21.,Triticale 2024,Total use
2024,triticale,Tritikálé,cereals,yield,Termésátlag,ha,3890.0,Cereal_Supply_Balance.xlsx,19.1.1.21.,Triticale 2024,"Average yield, kilogram/hectare"
2024,wheat,Búza,cereals,closing_stock,Zárókészlet,t,3212193.0,Cereal_Supply_Balance.xlsx,19.1.1.21.,Wheat 2024,Closing stock
2024,wheat,Búza,cereals,exports,Export,t,3652156.0,Cereal_Supply_Balance.xlsx,19.1.1.21.,Wheat 2024,Exports
2024,wheat,Búza,cereals,feed_use,Takarmányozás,t,67629.0,Cereal_Supply_Balance.xlsx,19.1.1.21.,Wheat 2024,fodder | – | – | – | – | –
2024,wheat,Búza,cereals,feed_use,Takarmányozás,t,1030950.0,Cereal_Supply_Balance.xlsx,19.1.1.21.,Wheat 2024,Feed consumption
2024,wheat,Búza,cereals,food_use,Élelmezési felhasználás,t,74901.0,Cereal_Supply_Balance.xlsx,19.1.1.21.,Wheat 2024,for human consumption and for industrial purposes | – | – | – | – | –
2024,wheat,Búza,cereals,food_use,Élelmezési felhasználás,t,1266575.0,Cereal_Supply_Balance.xlsx,19.1.1.21.,Wheat 2024,domestic food consumption
2024,wheat,Búza,cereals,harvested_area,Betakarított terület,ha,922907.0,Cereal_Supply_Balance.xlsx,19.1.1.21.,Wheat 2024,"Harvested area, hectare"
2024,wheat,Búza,cereals,imports,Import,t,157603.0,Cereal_Supply_Balance.xlsx,19.1.1.21.,Wheat 2024,Imports
2024,wheat,Búza,cereals,industrial_use,Ipari felhasználás,t,1366575.0,Cereal_Supply_Balance.xlsx,19.1.1.21.,Wheat 2024,Industrial processing
2024,wheat,Búza,cereals,loss,Veszteség,t,23868.0,Cereal_Supply_Balance.xlsx,19.1.1.21.,Wheat 2024,Loss
2024,wheat,Búza,cereals,opening_stock,Nyitókészlet,t,4119473.0,Cereal_Supply_Balance.xlsx,19.1.1.21.,Wheat 2024,Initial stock
2024,wheat,Búza,cereals,procurement_price,Felvásárlási ár,huf_t,71833.0,Cereal_Supply_Balance.xlsx,19.1.1.21.,Wheat 2024,"Average procurement price, HUF per tonne | – | – | – | – | –"
2024,wheat,Búza,cereals,production,Termelés,t,5272961.0,Cereal_Supply_Balance.xlsx,19.1.1.21.,Wheat 2024,"Total harvested production, tonne"
2024,wheat,Búza,cereals,production,Termelés,t,5272961.0,Cereal_Supply_Balance.xlsx,19.1.1.21.,Wheat 2024,Total harvested production
2024,wheat,Búza,cereals,seed_use,Vetőmag-felhasználás,t,77438.0,Cereal_Supply_Balance.xlsx,19.1.1.21.,Wheat 2024,seed for sowing | – | – | – | – | –
2024,wheat,Búza,cereals,seed_use,Vetőmag-felhasználás,t,264295.0,Cereal_Supply_Balance.xlsx,19.1.1.21.,Wheat 2024,Seed consumption for sowing
2024,wheat,Búza,cereals,total_resource,Összes forrás,t,9550037.0,Cereal_Supply_Balance.xlsx,19.1.1.21.,Wheat 2024,Total resource
2024,wheat,Búza,cereals,total_use,Összes felhasználás,t,9550037.0,Cereal_Supply_Balance.xlsx,19.1.1.21.,Wheat 2024,Total use
2024,wheat,Búza,cereals,yield,Termésátlag,ha,5710.0,Cereal_Supply_Balance.xlsx,19.1.1.21.,Wheat 2024,"Average yield, kilogram/hectare"
2024,peas,Borsó,field_crops,closing_stock,Zárókészlet,t,16293.0,Field_Crop_Supply_Balance.xlsx,19.1.1.22.,Peas 2024,"Closing stock, 31 December"
2024,peas,Borsó,field_crops,exports,Export,t,1283.0,Field_Crop_Supply_Balance.xlsx,19.1.1.22.,Peas 2024,Direct exports
2024,peas,Borsó,field_crops,feed_use,Takarmányozás,t,102190.0,Field_Crop_Supply_Balance.xlsx,19.1.1.22.,Peas 2024,fodder | – | – | – | – | –
2024,peas,Borsó,field_crops,food_use,Élelmezési felhasználás,t,140773.0,Field_Crop_Supply_Balance.xlsx,19.1.1.22.,Peas 2024,"for human consumption and for industrial purposes, fodder"
2024,peas,Borsó,field_crops,harvested_area,Betakarított terület,ha,12691.0,Field_Crop_Supply_Balance.xlsx,19.1.1.22.,Peas 2024,"Harvested area, hectare"
2024,peas,Borsó,field_crops,industrial_use,Ipari felhasználás,t,2196.0,Field_Crop_Supply_Balance.xlsx,19.1.1.22.,Peas 2024,Processing
2024,peas,Borsó,field_crops,intermediate_consumption,Folyó termelőfelhasználás,t,3772.0,Field_Crop_Supply_Balance.xlsx,19.1.1.22.,Peas 2024,Intermediate consumption
2024,peas,Borsó,field_crops,loss,Veszteség,t,596.0,Field_Crop_Supply_Balance.xlsx,19.1.1.22.,Peas 2024,Loss
2024,peas,Borsó,field_crops,market_price,Piaci ár,huf_kg,1275.0,Field_Crop_Supply_Balance.xlsx,19.1.1.22.,Peas 2024,"Average market price, HUF per kilogram | .."
2024,peas,Borsó,field_crops,opening_stock,Nyitókészlet,t,15877.0,Field_Crop_Supply_Balance.xlsx,19.1.1.22.,Peas 2024,Initial stock
2024,peas,Borsó,field_crops,other_use,Egyéb felhasználás,t,8167.0,Field_Crop_Supply_Balance.xlsx,19.1.1.22.,Peas 2024,other sales
2024,peas,Borsó,field_crops,procurement_price,Felvásárlási ár,huf_t,190011.0,Field_Crop_Supply_Balance.xlsx,19.1.1.22.,Peas 2024,"Average procurement price, HUF per tonne"
2024,peas,Borsó,field_crops,production,Termelés,t,30351.0,Field_Crop_Supply_Balance.xlsx,19.1.1.22.,Peas 2024,"Total harvested production, tonne"
2024,peas,Borsó,field_crops,production,Termelés,t,30351.0,Field_Crop_Supply_Balance.xlsx,19.1.1.22.,Peas 2024,Total harvested production
2024,peas,Borsó,field_crops,seed_use,Vetőmag-felhasználás,t,222949.0,Field_Crop_Supply_Balance.xlsx,19.1.1.22.,Peas 2024,seed for sowing | – | – | ... | ... | ...
2024,peas,Borsó,field_crops,total_resource,Összes forrás,t,46228.0,Field_Crop_Supply_Balance.xlsx,19.1.1.22.,Peas 2024,Total resource
2024,peas,Borsó,field_crops,total_use,Összes felhasználás,t,46228.0,Field_Crop_Supply_Balance.xlsx,19.1.1.22.,Peas 2024,Total use
2024,peas,Borsó,field_crops,yield,Termésátlag,ha,2390.0,Field_Crop_Supply_Balance.xlsx,19.1.1.22.,Peas 2024,"Average yield, kilogram/hectare"
2024,potato,Burgonya,field_crops,closing_stock,Zárókészlet,t,226861.0,Field_Crop_Supply_Balance.xlsx,19.1.1.22.,Potatoes 2024,"Closing stock, 31 December"
2024,potato,Burgonya,field_crops,exports,Export,t,262.0,Field_Crop_Supply_Balance.xlsx,19.1.1.22.,Potatoes 2024,Direct exports
2024,potato,Burgonya,field_crops,food_use,Élelmezési felhasználás,t,170128.0,Field_Crop_Supply_Balance.xlsx,19.1.1.22.,Potatoes 2024,"for human consumption and for industrial purposes, fodder"
2024,potato,Burgonya,field_crops,harvested_area,Betakarított terület,ha,7950.0,Field_Crop_Supply_Balance.xlsx,19.1.1.22.,Potatoes 2024,"Harvested area, hectare"
2024,potato,Burgonya,field_crops,industrial_use,Ipari felhasználás,t,205.0,Field_Crop_Supply_Balance.xlsx,19.1.1.22.,Potatoes 2024,Processing
2024,potato,Burgonya,field_crops,intermediate_consumption,Folyó termelőfelhasználás,t,7975.0,Field_Crop_Supply_Balance.xlsx,19.1.1.22.,Potatoes 2024,Intermediate consumption
2024,potato,Burgonya,field_crops,loss,Veszteség,t,1794.0,Field_Crop_Supply_Balance.xlsx,19.1.1.22.,Potatoes 2024,Loss
2024,potato,Burgonya,field_crops,market_price,Piaci ár,huf_kg,404.0,Field_Crop_Supply_Balance.xlsx,19.1.1.22.,Potatoes 2024,"Average market price, HUF per kilogram | .."
2024,potato,Burgonya,field_crops,opening_stock,Nyitókészlet,t,228072.0,Field_Crop_Supply_Balance.xlsx,19.1.1.22.,Potatoes 2024,Initial stock
2024,potato,Burgonya,field_crops,other_use,Egyéb felhasználás,t,130820.0,Field_Crop_Supply_Balance.xlsx,19.1.1.22.,Potatoes 2024,other sales
2024,potato,Burgonya,field_crops,procurement_price,Felvásárlási ár,huf_t,170194.0,Field_Crop_Supply_Balance.xlsx,19.1.1.22.,Potatoes 2024,"Average procurement price, HUF per tonne"
2024,potato,Burgonya,field_crops,production,Termelés,t,234350.0,Field_Crop_Supply_Balance.xlsx,19.1.1.22.,Potatoes 2024,"Total harvested production, tonne"
2024,potato,Burgonya,field_crops,production,Termelés,t,234350.0,Field_Crop_Supply_Balance.xlsx,19.1.1.22.,Potatoes 2024,Total harvested production
2024,potato,Burgonya,field_crops,total_resource,Összes forrás,t,462422.0,Field_Crop_Supply_Balance.xlsx,19.1.1.22.,Potatoes 2024,Total resource
2024,potato,Burgonya,field_crops,total_use,Összes felhasználás,t,462422.0,Field_Crop_Supply_Balance.xlsx,19.1.1.22.,Potatoes 2024,Total use
2024,potato,Burgonya,field_crops,yield,Termésátlag,ha,25820.0,Field_Crop_Supply_Balance.xlsx,19.1.1.22.,Potatoes 2024,"Average yield, kilogram/hectare"
2024,rapeseed,Repce,field_crops,closing_stock,Zárókészlet,t,235518.0,Field_Crop_Supply_Balance.xlsx,19.1.1.22.,Rape seed 2024,"Closing stock, 31 December"
2024,rapeseed,Repce,field_crops,exports,Export,t,10929.0,Field_Crop_Supply_Balance.xlsx,19.1.1.22.,Rape seed 2024,Direct exports
2024,rapeseed,Repce,field_crops,feed_use,Takarmányozás,t,173405.0,Field_Crop_Supply_Balance.xlsx,19.1.1.22.,Rape seed 2024,fodder | – | – | – | – | –
2024,rapeseed,Repce,field_crops,food_use,Élelmezési felhasználás,t,172426.0,Field_Crop_Supply_Balance.xlsx,19.1.1.22.,Rape seed 2024,"for human consumption and for industrial purposes, fodder"
2024,rapeseed,Repce,field_crops,harvested_area,Betakarított terület,ha,172434.0,Field_Crop_Supply_Balance.xlsx,19.1.1.22.,Rape seed 2024,"Harvested area, hectare"
2024,rapeseed,Repce,field_crops,industrial_use,Ipari felhasználás,t,3490.0,Field_Crop_Supply_Balance.xlsx,19.1.1.22.,Rape seed 2024,Processing
2024,rapeseed,Repce,field_crops,intermediate_consumption,Folyó termelőfelhasználás,t,4122.0,Field_Crop_Supply_Balance.xlsx,19.1.1.22.,Rape seed 2024,Intermediate consumption
2024,rapeseed,Repce,field_crops,loss,Veszteség,t,1878.0,Field_Crop_Supply_Balance.xlsx,19.1.1.22.,Rape seed 2024,Loss
2024,rapeseed,Repce,field_crops,opening_stock,Nyitókészlet,t,265287.0,Field_Crop_Supply_Balance.xlsx,19.1.1.22.,Rape seed 2024,Initial stock
2024,rapeseed,Repce,field_crops,other_use,Egyéb felhasználás,t,231052.0,Field_Crop_Supply_Balance.xlsx,19.1.1.22.,Rape seed 2024,other sales
2024,rapeseed,Repce,field_crops,procurement_price,Felvásárlási ár,huf_t,174374.0,Field_Crop_Supply_Balance.xlsx,19.1.1.22.,Rape seed 2024,"Average procurement price, HUF per tonne"
2024,rapeseed,Repce,field_crops,production,Termelés,t,450364.0,Field_Crop_Supply_Balance.xlsx,19.1.1.22.,Rape seed 2024,"Total harvested production, tonne"
2024,rapeseed,Repce,field_crops,production,Termelés,t,450364.0,Field_Crop_Supply_Balance.xlsx,19.1.1.22.,Rape seed 2024,Total harvested production
2024,rapeseed,Repce,field_crops,total_resource,Összes forrás,t,715651.0,Field_Crop_Supply_Balance.xlsx,19.1.1.22.,Rape seed 2024,Total resource
2024,rapeseed,Repce,field_crops,total_use,Összes felhasználás,t,715651.0,Field_Crop_Supply_Balance.xlsx,19.1.1.22.,Rape seed 2024,Total use
2024,rapeseed,Repce,field_crops,yield,Termésátlag,ha,2610.0,Field_Crop_Supply_Balance.xlsx,19.1.1.22.,Rape seed 2024,"Average yield, kilogram/hectare"
2024,soybean,Szója,field_crops,closing_stock,Zárókészlet,t,84659.0,Field_Crop_Supply_Balance.xlsx,19.1.1.22.,Soya-bean 2024,Closing stock | – | – | – | – | –
2024,soybean,Szója,field_crops,exports,Export,t,135686.0,Field_Crop_Supply_Balance.xlsx,19.1.1.22.,Soya-bean 2024,Exports | – | – | – | – | –
2024,soybean,Szója,field_crops,feed_use,Takarmányozás,t,25071.0,Field_Crop_Supply_Balance.xlsx,19.1.1.22.,Soya-bean 2024,Feed consumption | – | – | – | – | –
2024,soybean,Szója,field_crops,food_use,Élelmezési felhasználás,t,174143.0,Field_Crop_Supply_Balance.xlsx,19.1.1.22.,Soya-bean 2024,"for human consumption and for industrial purposes, fodder"
2024,soybean,Szója,field_crops,food_use,Élelmezési felhasználás,t,21445.0,Field_Crop_Supply_Balance.xlsx,19.1.1.22.,Soya-bean 2024,domestic food consumption | – | – | – | – | –
2024,soybean,Szója,field_crops,harvested_area,Betakarított terület,ha,112284.0,Field_Crop_Supply_Balance.xlsx,19.1.1.22.,Soya-bean 2024,"Harvested area, hectare"
2024,soybean,Szója,field_crops,imports,Import,t,177386.0,Field_Crop_Supply_Balance.xlsx,19.1.1.22.,Soya-bean 2024,Imports | – | – | – | – | –
2024,soybean,Szója,field_crops,industrial_use,Ipari felhasználás,t,89963.0,Field_Crop_Supply_Balance.xlsx,19.1.1.22.,Soya-bean 2024,Industrial processing | – | – | – | – | –
2024,soybean,Szója,field_crops,loss,Veszteség,t,988.0,Field_Crop_Supply_Balance.xlsx,19.1.1.22.,Soya-bean 2024,Loss | – | – | – | – | –
2024,soybean,Szója,field_crops,opening_stock,Nyitókészlet,t,43751.0,Field_Crop_Supply_Balance.xlsx,19.1.1.22.,Soya-bean 2024,Initial stock | – | – | – | – | –
2024,soybean,Szója,field_crops,other_use,Egyéb felhasználás,t,133593.0,Field_Crop_Supply_Balance.xlsx,19.1.1.22.,Soya-bean 2024,Other consumption | – | – | – | – | –
2024,soybean,Szója,field_crops,procurement_price,Felvásárlási ár,huf_t,173810.0,Field_Crop_Supply_Balance.xlsx,19.1.1.22.,Soya-bean 2024,"Average procurement price, HUF per tonne"
2024,soybean,Szója,field_crops,production,Termelés,t,258890.0,Field_Crop_Supply_Balance.xlsx,19.1.1.22.,Soya-bean 2024,"Total harvested production, tonne"
2024,soybean,Szója,field_crops,production,Termelés,t,258890.0,Field_Crop_Supply_Balance.xlsx,19.1.1.22.,Soya-bean 2024,Total harvested production | – | – | – | – | –
2024,soybean,Szója,field_crops,seed_use,Vetőmag-felhasználás,t,171536.0,Field_Crop_Supply_Balance.xlsx,19.1.1.22.,Soya-bean 2024,seed for sowing | – | – | ... | ... | ...
2024,soybean,Szója,field_crops,seed_use,Vetőmag-felhasználás,t,10067.0,Field_Crop_Supply_Balance.xlsx,19.1.1.22.,Soya-bean 2024,Seed consumption for sowing | – | – | – | – | –
2024,soybean,Szója,field_crops,total_resource,Összes forrás,t,480027.0,Field_Crop_Supply_Balance.xlsx,19.1.1.22.,Soya-bean 2024,Total resource | – | – | – | – | –
2024,soybean,Szója,field_crops,total_use,Összes felhasználás,t,480027.0,Field_Crop_Supply_Balance.xlsx,19.1.1.22.,Soya-bean 2024,Total use | – | – | – | – | –
2024,soybean,Szója,field_crops,yield,Termésátlag,ha,2310.0,Field_Crop_Supply_Balance.xlsx,19.1.1.22.,Soya-bean 2024,"Average yield, kilogram/hectare"
2024,sugar_beet,Cukorrépa,field_crops,closing_stock,Zárókészlet,t,399668.0,Field_Crop_Supply_Balance.xlsx,19.1.1.22.,Sugar beet 2024,"Closing stock, 31 December"
2024,sugar_beet,Cukorrépa,field_crops,exports,Export,t,11572.0,Field_Crop_Supply_Balance.xlsx,19.1.1.22.,Sugar beet 2024,Direct exports
2024,sugar_beet,Cukorrépa,field_crops,harvested_area,Betakarított terület,ha,16132.0,Field_Crop_Supply_Balance.xlsx,19.1.1.22.,Sugar beet 2024,"Harvested area, hectare"
2024,sugar_beet,Cukorrépa,field_crops,intermediate_consumption,Folyó termelőfelhasználás,t,2593.0,Field_Crop_Supply_Balance.xlsx,19.1.1.22.,Sugar beet 2024,Intermediate consumption
2024,sugar_beet,Cukorrépa,field_crops,loss,Veszteség,t,4587.0,Field_Crop_Supply_Balance.xlsx,19.1.1.22.,Sugar beet 2024,Loss
2024,sugar_beet,Cukorrépa,field_crops,opening_stock,Nyitókészlet,t,386147.0,Field_Crop_Supply_Balance.xlsx,19.1.1.22.,Sugar beet 2024,Initial stock
2024,sugar_beet,Cukorrépa,field_crops,other_use,Egyéb felhasználás,t,16713.0,Field_Crop_Supply_Balance.xlsx,19.1.1.22.,Sugar beet 2024,other sales
2024,sugar_beet,Cukorrépa,field_crops,production,Termelés,t,856309.0,Field_Crop_Supply_Balance.xlsx,19.1.1.22.,Sugar beet 2024,"Total harvested production, tonne"
2024,sugar_beet,Cukorrépa,field_crops,production,Termelés,t,856309.0,Field_Crop_Supply_Balance.xlsx,19.1.1.22.,Sugar beet 2024,Total harvested production
2024,sugar_beet,Cukorrépa,field_crops,total_resource,Összes forrás,t,1242456.0,Field_Crop_Supply_Balance.xlsx,19.1.1.22.,Sugar beet 2024,Total resource
2024,sugar_beet,Cukorrépa,field_crops,total_use,Összes felhasználás,t,1242456.0,Field_Crop_Supply_Balance.xlsx,19.1.1.22.,Sugar beet 2024,Total use
2024,sugar_beet,Cukorrépa,field_crops,yield,Termésátlag,ha,53080.0,Field_Crop_Supply_Balance.xlsx,19.1.1.22.,Sugar beet 2024,"Average yield, kilogram/hectare"
2024,sunflower,Napraforgó,field_crops,closing_stock,Zárókészlet,t,880003.0,Field_Crop_Supply_Balance.xlsx,19.1.1.22.,Sunflower seed 2024,Closing stock | – | – | – | – | –
2024,sunflower,Napraforgó,field_crops,exports,Export,t,354202.0,Field_Crop_Supply_Balance.xlsx,19.1.1.22.,Sunflower seed 2024,Exports | – | – | – | – | –
2024,sunflower,Napraforgó,field_crops,feed_use,Takarmányozás,t,160031.0,Field_Crop_Supply_Balance.xlsx,19.1.1.22.,Sunflower seed 2024,fodder | – | – | – | – | –
2024,sunflower,Napraforgó,field_crops,feed_use,Takarmányozás,t,95263.0,Field_Crop_Supply_Balance.xlsx,19.1.1.22.,Sunflower seed 2024,Feed consumption | – | – | – | – | –
2024,sunflower,Napraforgó,field_crops,food_use,Élelmezési felhasználás,t,191207.0,Field_Crop_Supply_Balance.xlsx,19.1.1.22.,Sunflower seed 2024,for human consumption | – | – | – | – | –
2024,sunflower,Napraforgó,field_crops,food_use,Élelmezési felhasználás,t,6.0,Field_Crop_Supply_Balance.xlsx,19.1.1.22.,Sunflower seed 2024,Personal consumption | – | – | – | – | –
2024,sunflower,Napraforgó,field_crops,food_use,Élelmezési felhasználás,t,599900.0,Field_Crop_Supply_Balance.xlsx,19.1.1.22.,Sunflower seed 2024,domestic food consumption | – | – | – | – | –
2024,sunflower,Napraforgó,field_crops,harvested_area,Betakarított terület,ha,674133.0,Field_Crop_Supply_Balance.xlsx,19.1.1.22.,Sunflower seed 2024,"Harvested area, hectare"
2024,sunflower,Napraforgó,field_crops,imports,Import,t,193480.0,Field_Crop_Supply_Balance.xlsx,19.1.1.22.,Sunflower seed 2024,Imports | – | – | – | – | –
2024,sunflower,Napraforgó,field_crops,industrial_use,Ipari felhasználás,t,163097.0,Field_Crop_Supply_Balance.xlsx,19.1.1.22.,Sunflower seed 2024,for industrial purposes | – | – | – | – | –
2024,sunflower,Napraforgó,field_crops,industrial_use,Ipari felhasználás,t,1724544.0,Field_Crop_Supply_Balance.xlsx,19.1.1.22.,Sunflower seed 2024,Industrial processing | – | – | – | – | –
2024,sunflower,Napraforgó,field_crops,loss,Veszteség,t,8060.0,Field_Crop_Supply_Balance.xlsx,19.1.1.22.,Sunflower seed 2024,Loss | – | – | – | – | –
2024,sunflower,Napraforgó,field_crops,opening_stock,Nyitókészlet,t,1076453.0,Field_Crop_Supply_Balance.xlsx,19.1.1.22.,Sunflower seed 2024,Initial stock | – | – | – | – | –
2024,sunflower,Napraforgó,field_crops,procurement_price,Felvásárlási ár,huf_t,164375.0,Field_Crop_Supply_Balance.xlsx,19.1.1.22.,Sunflower seed 2024,"Average procurement price, HUF per tonne"
2024,sunflower,Napraforgó,field_crops,production,Termelés,t,1798953.0,Field_Crop_Supply_Balance.xlsx,19.1.1.22.,Sunflower seed 2024,"Total harvested production, tonne"
2024,sunflower,Napraforgó,field_crops,production,Termelés,t,1798953.0,Field_Crop_Supply_Balance.xlsx,19.1.1.22.,Sunflower seed 2024,Total harvested production | – | – | – | – | –
2024,sunflower,Napraforgó,field_crops,seed_use,Vetőmag-felhasználás,t,208291.0,Field_Crop_Supply_Balance.xlsx,19.1.1.22.,Sunflower seed 2024,seed for sowing | – | – | ... | ... | ...
2024,sunflower,Napraforgó,field_crops,seed_use,Vetőmag-felhasználás,t,6808.0,Field_Crop_Supply_Balance.xlsx,19.1.1.22.,Sunflower seed 2024,Seed consumption for sowing | – | – | – | – | –
2024,sunflower,Napraforgó,field_crops,total_resource,Összes forrás,t,3068886.0,Field_Crop_Supply_Balance.xlsx,19.1.1.22.,Sunflower seed 2024,Total resource | – | – | – | – | –
2024,sunflower,Napraforgó,field_crops,total_use,Összes felhasználás,t,3068886.0,Field_Crop_Supply_Balance.xlsx,19.1.1.22.,Sunflower seed 2024,Total use | – | – | – | – | –
2024,sunflower,Napraforgó,field_crops,yield,Termésátlag,ha,2670.0,Field_Crop_Supply_Balance.xlsx,19.1.1.22.,Sunflower seed 2024,"Average yield, kilogram/hectare"
